注文明細ID,注文ID,商品ID,商品名,商品カテゴリ,ブランド,単価,数量,割引率,明細金額,出荷倉庫ID
OI0000001,O000607,P004,27インチモニター,ディスプレイ,ViewPeak,307.47,1,0.00,307.47,WH-SEOUL
OI0000002,O000096,P007,高画質ウェブカメラ,周辺機器,VisionGo,115.61,1,0.15,98.27,WH-BUSAN
OI0000003,O000652,P014,フィットネスウォッチ,ウェアラブル,PulseOn,173.86,4,0.05,660.67,WH-BUSAN
OI0000004,O000271,P010,Bluetoothスピーカー,オーディオ,SonicArc,94.45,4,0.00,377.80,WH-BUSAN
OI0000005,O000092,P010,Bluetoothスピーカー,オーディオ,SonicArc,98.43,1,0.10,88.59,WH-SEOUL
OI0000006,O000179,P002,メカニカルキーボード,周辺機器,KeyForge,83.43,3,0.00,250.29,WH-SEOUL
OI0000007,O000098,P013,14インチ軽量ノートPC,コンピューター,NovaTech,1158.19,1,0.05,1100.28,WH-SEOUL
OI0000008,O000112,P014,フィットネスウォッチ,ウェアラブル,PulseOn,177.07,2,0.00,354.14,WH-SEOUL
OI0000009,O000104,P001,ワイヤレスマウス,周辺機器,Nexio,28.96,1,0.00,28.96,WH-INCHEON
OI0000010,O000491,P011,エルゴノミクスチェア,オフィス用品,ErgoLab,385.79,1,0.00,385.79,WH-SEOUL
OI0000011,O000218,P002,メカニカルキーボード,周辺機器,KeyForge,96.12,1,0.00,96.12,WH-BUSAN
OI0000012,O000511,P007,高画質ウェブカメラ,周辺機器,VisionGo,113.23,2,0.00,226.46,WH-SEOUL
OI0000013,O000333,P002,メカニカルキーボード,周辺機器,KeyForge,88.49,1,0.00,88.49,WH-SEOUL
OI0000014,O000122,P013,14インチ軽量ノートPC,コンピューター,NovaTech,1146.61,1,0.00,1146.61,WH-SEOUL
OI0000015,O000231,P004,27インチモニター,ディスプレイ,ViewPeak,306.64,1,0.05,291.31,WH-SEOUL
OI0000016,O000354,P005,ノートPCスタンド,オフィス用品,ErgoLab,48.75,1,0.00,48.75,WH-SEOUL
OI0000017,O000454,P006,ノイズキャンセリングヘッドホン,オーディオ,SonicArc,216.54,2,0.00,433.08,WH-SEOUL
OI0000018,O000578,P009,スマートデスクライト,オフィス用品,LumaWorks,67.88,1,0.00,67.88,WH-SEOUL
OI0000019,O000178,P012,11インチタブレット,コンピューター,NovaTech,645.96,3,0.10,1744.09,WH-SEOUL
OI0000020,O000645,P011,エルゴノミクスチェア,オフィス用品,ErgoLab,396.21,1,0.00,396.21,WH-BUSAN
OI0000021,O000255,P011,エルゴノミクスチェア,オフィス用品,ErgoLab,373.20,1,0.00,373.20,WH-SEOUL
OI0000022,O000520,P012,11インチタブレット,コンピューター,NovaTech,652.56,1,0.00,652.56,WH-SEOUL
OI0000023,O000704,P013,14インチ軽量ノートPC,コンピューター,NovaTech,1250.57,1,0.00,1250.57,WH-BUSAN
OI0000024,O000547,P015,65W急速充電器,周辺機器,VoltEdge,36.58,2,0.10,65.84,WH-SEOUL
OI0000025,O000687,P004,27インチモニター,ディスプレイ,ViewPeak,287.66,1,0.00,287.66,WH-DAEJEON
OI0000026,O000309,P005,ノートPCスタンド,オフィス用品,ErgoLab,49.69,1,0.00,49.69,WH-BUSAN
OI0000027,O000194,P014,フィットネスウォッチ,ウェアラブル,PulseOn,171.48,1,0.00,171.48,WH-SEOUL
OI0000028,O000130,P009,スマートデスクライト,オフィス用品,LumaWorks,69.53,1,0.15,59.10,WH-SEOUL
OI0000029,O000269,P012,11インチタブレット,コンピューター,NovaTech,660.87,1,0.00,660.87,WH-BUSAN
OI0000030,O000118,P015,65W急速充電器,周辺機器,VoltEdge,40.22,2,0.00,80.44,WH-BUSAN
OI0000031,O000011,P011,エルゴノミクスチェア,オフィス用品,ErgoLab,410.48,1,0.00,410.48,WH-DAEJEON
OI0000032,O000537,P002,メカニカルキーボード,周辺機器,KeyForge,83.68,1,0.10,75.31,WH-INCHEON
OI0000033,O000664,P005,ノートPCスタンド,オフィス用品,ErgoLab,48.81,3,0.00,146.43,WH-BUSAN
OI0000034,O000366,P002,メカニカルキーボード,周辺機器,KeyForge,88.06,1,0.00,88.06,WH-INCHEON
OI0000035,O000428,P008,ポータブルSSD 1TB,ストレージ,DataNest,140.49,2,0.00,280.98,WH-BUSAN
OI0000036,O000151,P001,ワイヤレスマウス,周辺機器,Nexio,31.67,2,0.00,63.34,WH-SEOUL
OI0000037,O000367,P006,ノイズキャンセリングヘッドホン,オーディオ,SonicArc,235.04,1,0.00,235.04,WH-SEOUL
OI0000038,O000664,P007,高画質ウェブカメラ,周辺機器,VisionGo,111.21,1,0.05,105.65,WH-SEOUL
OI0000039,O000067,P007,高画質ウェブカメラ,周辺機器,VisionGo,110.86,1,0.10,99.77,WH-SEOUL
OI0000040,O000062,P018,電子書籍リーダー,コンピューター,PageFlow,138.37,1,0.10,124.53,WH-SEOUL
OI0000041,O000607,P009,スマートデスクライト,オフィス用品,LumaWorks,75.17,3,0.00,225.51,WH-INCHEON
OI0000042,O000125,P008,ポータブルSSD 1TB,ストレージ,DataNest,137.08,2,0.00,274.16,WH-BUSAN
OI0000043,O000433,P007,高画質ウェブカメラ,周辺機器,VisionGo,101.54,2,0.05,192.93,WH-BUSAN
OI0000044,O000672,P009,スマートデスクライト,オフィス用品,LumaWorks,71.87,1,0.10,64.68,WH-BUSAN
OI0000045,O000582,P014,フィットネスウォッチ,ウェアラブル,PulseOn,180.97,2,0.05,343.84,WH-SEOUL
OI0000046,O000165,P015,65W急速充電器,周辺機器,VoltEdge,38.49,1,0.10,34.64,WH-SEOUL
OI0000047,O000142,P003,USB-Cハブ,周辺機器,Nexio,54.33,3,0.15,138.54,WH-SEOUL
OI0000048,O000432,P016,メッシュWi-Fiルーター,ネットワーク,LinkSphere,244.87,1,0.00,244.87,WH-SEOUL
OI0000049,O000656,P005,ノートPCスタンド,オフィス用品,ErgoLab,50.31,1,0.05,47.79,WH-SEOUL
OI0000050,O000183,P014,フィットネスウォッチ,ウェアラブル,PulseOn,170.07,2,0.00,340.14,WH-DAEJEON
OI0000051,O000620,P001,ワイヤレスマウス,周辺機器,Nexio,32.21,1,0.10,28.99,WH-BUSAN
OI0000052,O000544,P008,ポータブルSSD 1TB,ストレージ,DataNest,129.45,1,0.00,129.45,WH-DAEJEON
OI0000053,O000470,P006,ノイズキャンセリングヘッドホン,オーディオ,SonicArc,224.79,1,0.00,224.79,WH-DAEJEON
OI0000054,O000429,P008,ポータブルSSD 1TB,ストレージ,DataNest,132.87,1,0.00,132.87,WH-DAEJEON
OI0000055,O000577,P017,4Kアクションカメラ,カメラ,VisionGo,336.98,2,0.00,673.96,WH-BUSAN
OI0000056,O000141,P018,電子書籍リーダー,コンピューター,PageFlow,160.02,2,0.00,320.04,WH-BUSAN
OI0000057,O000655,P004,27インチモニター,ディスプレイ,ViewPeak,296.63,1,0.00,296.63,WH-SEOUL
OI0000058,O000196,P005,ノートPCスタンド,オフィス用品,ErgoLab,46.73,1,0.00,46.73,WH-BUSAN
OI0000059,O000106,P017,4Kアクションカメラ,カメラ,VisionGo,316.95,1,0.00,316.95,WH-INCHEON
OI0000060,O000289,P005,ノートPCスタンド,オフィス用品,ErgoLab,45.16,2,0.00,90.32,WH-DAEJEON
OI0000061,O000413,P015,65W急速充電器,周辺機器,VoltEdge,37.51,1,0.15,31.88,WH-DAEJEON
OI0000062,O000402,P017,4Kアクションカメラ,カメラ,VisionGo,335.29,1,0.00,335.29,WH-DAEJEON
OI0000063,O000314,P006,ノイズキャンセリングヘッドホン,オーディオ,SonicArc,236.03,1,0.05,224.23,WH-BUSAN
OI0000064,O000263,P013,14インチ軽量ノートPC,コンピューター,NovaTech,1195.25,1,0.15,1015.96,WH-DAEJEON
OI0000065,O000209,P005,ノートPCスタンド,オフィス用品,ErgoLab,48.72,1,0.00,48.72,WH-DAEJEON
OI0000066,O000135,P018,電子書籍リーダー,コンピューター,PageFlow,154.73,1,0.00,154.73,WH-SEOUL
OI0000067,O000004,P001,ワイヤレスマウス,周辺機器,Nexio,28.05,2,0.05,53.30,WH-SEOUL
OI0000068,O000153,P007,高画質ウェブカメラ,周辺機器,VisionGo,109.16,2,0.00,218.32,WH-DAEJEON
OI0000069,O000222,P009,スマートデスクライト,オフィス用品,LumaWorks,75.45,1,0.10,67.91,WH-SEOUL
OI0000070,O000175,P004,27インチモニター,ディスプレイ,ViewPeak,269.43,1,0.00,269.43,WH-DAEJEON
OI0000071,O000685,P014,フィットネスウォッチ,ウェアラブル,PulseOn,192.71,2,0.00,385.42,WH-SEOUL
OI0000072,O000505,P001,ワイヤレスマウス,周辺機器,Nexio,30.15,2,0.00,60.30,WH-BUSAN
OI0000073,O000570,P017,4Kアクションカメラ,カメラ,VisionGo,305.99,1,0.00,305.99,WH-SEOUL
OI0000074,O000556,P004,27インチモニター,ディスプレイ,ViewPeak,304.79,1,0.15,259.07,WH-DAEJEON
OI0000075,O000663,P008,ポータブルSSD 1TB,ストレージ,DataNest,140.91,2,0.00,281.82,WH-SEOUL
OI0000076,O000656,P016,メッシュWi-Fiルーター,ネットワーク,LinkSphere,216.64,1,0.00,216.64,WH-BUSAN
OI0000077,O000518,P015,65W急速充電器,周辺機器,VoltEdge,36.85,1,0.10,33.16,WH-SEOUL
OI0000078,O000261,P010,Bluetoothスピーカー,オーディオ,SonicArc,92.42,1,0.15,78.56,WH-SEOUL
OI0000079,O000009,P006,ノイズキャンセリングヘッドホン,オーディオ,SonicArc,223.45,1,0.10,201.10,WH-DAEJEON
OI0000080,O000075,P005,ノートPCスタンド,オフィス用品,ErgoLab,44.89,1,0.05,42.65,WH-BUSAN
OI0000081,O000649,P008,ポータブルSSD 1TB,ストレージ,DataNest,144.19,1,0.00,144.19,WH-INCHEON
OI0000082,O000440,P001,ワイヤレスマウス,周辺機器,Nexio,30.39,1,0.00,30.39,WH-SEOUL
OI0000083,O000681,P011,エルゴノミクスチェア,オフィス用品,ErgoLab,384.04,1,0.05,364.84,WH-SEOUL
OI0000084,O000406,P007,高画質ウェブカメラ,周辺機器,VisionGo,114.78,1,0.00,114.78,WH-SEOUL
OI0000085,O000345,P006,ノイズキャンセリングヘッドホン,オーディオ,SonicArc,227.81,1,0.00,227.81,WH-SEOUL
OI0000086,O000294,P002,メカニカルキーボード,周辺機器,KeyForge,93.81,1,0.10,84.43,WH-DAEJEON
OI0000087,O000319,P017,4Kアクションカメラ,カメラ,VisionGo,316.15,2,0.00,632.30,WH-DAEJEON
OI0000088,O000421,P004,27インチモニター,ディスプレイ,ViewPeak,277.22,2,0.00,554.44,WH-SEOUL
OI0000089,O000320,P001,ワイヤレスマウス,周辺機器,Nexio,28.77,1,0.20,23.02,WH-BUSAN
OI0000090,O000530,P002,メカニカルキーボード,周辺機器,KeyForge,82.30,1,0.05,78.18,WH-DAEJEON
OI0000091,O000155,P011,エルゴノミクスチェア,オフィス用品,ErgoLab,413.22,3,0.00,1239.66,WH-BUSAN
OI0000092,O000368,P008,ポータブルSSD 1TB,ストレージ,DataNest,146.10,2,0.20,233.76,WH-SEOUL
OI0000093,O000166,P014,フィットネスウォッチ,ウェアラブル,PulseOn,171.62,1,0.00,171.62,WH-DAEJEON
OI0000094,O000639,P015,65W急速充電器,周辺機器,VoltEdge,38.65,1,0.00,38.65,WH-SEOUL
OI0000095,O000096,P009,スマートデスクライト,オフィス用品,LumaWorks,66.96,1,0.00,66.96,WH-INCHEON
OI0000096,O000669,P018,電子書籍リーダー,コンピューター,PageFlow,159.04,1,0.10,143.14,WH-INCHEON
OI0000097,O000090,P003,USB-Cハブ,周辺機器,Nexio,54.53,3,0.00,163.59,WH-SEOUL
OI0000098,O000220,P006,ノイズキャンセリングヘッドホン,オーディオ,SonicArc,232.91,1,0.00,232.91,WH-SEOUL
OI0000099,O000344,P018,電子書籍リーダー,コンピューター,PageFlow,152.51,3,0.00,457.53,WH-DAEJEON
OI0000100,O000400,P015,65W急速充電器,周辺機器,VoltEdge,40.78,1,0.10,36.70,WH-SEOUL
OI0000101,O000234,P006,ノイズキャンセリングヘッドホン,オーディオ,SonicArc,220.42,2,0.05,418.80,WH-SEOUL
OI0000102,O000228,P006,ノイズキャンセリングヘッドホン,オーディオ,SonicArc,210.64,3,0.00,631.92,WH-SEOUL
OI0000103,O000108,P016,メッシュWi-Fiルーター,ネットワーク,LinkSphere,245.42,1,0.00,245.42,WH-BUSAN
OI0000104,O000715,P005,ノートPCスタンド,オフィス用品,ErgoLab,47.87,1,0.00,47.87,WH-SEOUL
OI0000105,O000516,P012,11インチタブレット,コンピューター,NovaTech,634.53,1,0.00,634.53,WH-BUSAN
OI0000106,O000700,P006,ノイズキャンセリングヘッドホン,オーディオ,SonicArc,227.93,2,0.10,410.27,WH-SEOUL
OI0000107,O000402,P017,4Kアクションカメラ,カメラ,VisionGo,314.51,1,0.00,314.51,WH-BUSAN
OI0000108,O000171,P002,メカニカルキーボード,周辺機器,KeyForge,83.46,2,0.00,166.92,WH-BUSAN
OI0000109,O000153,P001,ワイヤレスマウス,周辺機器,Nexio,29.68,1,0.00,29.68,WH-SEOUL
OI0000110,O000199,P015,65W急速充電器,周辺機器,VoltEdge,39.72,1,0.05,37.73,WH-BUSAN
OI0000111,O000529,P001,ワイヤレスマウス,周辺機器,Nexio,29.92,2,0.05,56.85,WH-SEOUL
OI0000112,O000334,P002,メカニカルキーボード,周辺機器,KeyForge,88.53,1,0.00,88.53,WH-BUSAN
OI0000113,O000446,P012,11インチタブレット,コンピューター,NovaTech,685.87,2,0.00,1371.74,WH-SEOUL
OI0000114,O000049,P012,11インチタブレット,コンピューター,NovaTech,617.79,2,0.10,1112.02,WH-SEOUL
OI0000115,O000146,P018,電子書籍リーダー,コンピューター,PageFlow,159.37,2,0.00,318.74,WH-BUSAN
OI0000116,O000251,P010,Bluetoothスピーカー,オーディオ,SonicArc,93.14,1,0.00,93.14,WH-INCHEON
OI0000117,O000491,P006,ノイズキャンセリングヘッドホン,オーディオ,SonicArc,223.57,4,0.00,894.28,WH-BUSAN
OI0000118,O000566,P013,14インチ軽量ノートPC,コンピューター,NovaTech,1231.47,1,0.00,1231.47,WH-BUSAN
OI0000119,O000173,P004,27インチモニター,ディスプレイ,ViewPeak,287.39,1,0.10,258.65,WH-BUSAN
OI0000120,O000348,P007,高画質ウェブカメラ,周辺機器,VisionGo,101.19,1,0.00,101.19,WH-INCHEON
OI0000121,O000050,P016,メッシュWi-Fiルーター,ネットワーク,LinkSphere,235.28,1,0.00,235.28,WH-SEOUL
OI0000122,O000418,P011,エルゴノミクスチェア,オフィス用品,ErgoLab,424.08,1,0.10,381.67,WH-BUSAN
OI0000123,O000215,P003,USB-Cハブ,周辺機器,Nexio,50.95,1,0.05,48.40,WH-SEOUL
OI0000124,O000533,P014,フィットネスウォッチ,ウェアラブル,PulseOn,180.23,1,0.00,180.23,WH-BUSAN
OI0000125,O000270,P008,ポータブルSSD 1TB,ストレージ,DataNest,128.85,1,0.00,128.85,WH-BUSAN
OI0000126,O000601,P012,11インチタブレット,コンピューター,NovaTech,662.48,1,0.00,662.48,WH-SEOUL
OI0000127,O000326,P017,4Kアクションカメラ,カメラ,VisionGo,355.29,1,0.00,355.29,WH-BUSAN
OI0000128,O000044,P002,メカニカルキーボード,周辺機器,KeyForge,91.49,1,0.00,91.49,WH-DAEJEON
OI0000129,O000506,P002,メカニカルキーボード,周辺機器,KeyForge,83.25,2,0.00,166.50,WH-BUSAN
OI0000130,O000238,P001,ワイヤレスマウス,周辺機器,Nexio,28.85,1,0.10,25.97,WH-INCHEON
OI0000131,O000227,P002,メカニカルキーボード,周辺機器,KeyForge,82.30,1,0.00,82.30,WH-SEOUL
OI0000132,O000066,P016,メッシュWi-Fiルーター,ネットワーク,LinkSphere,234.67,1,0.00,234.67,WH-BUSAN
OI0000133,O000541,P004,27インチモニター,ディスプレイ,ViewPeak,305.23,4,0.00,1220.92,WH-SEOUL
OI0000134,O000403,P013,14インチ軽量ノートPC,コンピューター,NovaTech,1208.68,1,0.00,1208.68,WH-SEOUL
OI0000135,O000424,P015,65W急速充電器,周辺機器,VoltEdge,38.69,1,0.20,30.95,WH-BUSAN
OI0000136,O000232,P005,ノートPCスタンド,オフィス用品,ErgoLab,46.04,1,0.05,43.74,WH-SEOUL
OI0000137,O000302,P012,11インチタブレット,コンピューター,NovaTech,627.87,1,0.00,627.87,WH-SEOUL
OI0000138,O000240,P003,USB-Cハブ,周辺機器,Nexio,53.32,1,0.15,45.32,WH-BUSAN
OI0000139,O000296,P008,ポータブルSSD 1TB,ストレージ,DataNest,131.96,1,0.15,112.17,WH-BUSAN
OI0000140,O000109,P003,USB-Cハブ,周辺機器,Nexio,51.19,1,0.05,48.63,WH-SEOUL
OI0000141,O000012,P001,ワイヤレスマウス,周辺機器,Nexio,29.35,1,0.00,29.35,WH-SEOUL
OI0000142,O000039,P007,高画質ウェブカメラ,周辺機器,VisionGo,111.47,3,0.00,334.41,WH-DAEJEON
OI0000143,O000637,P001,ワイヤレスマウス,周辺機器,Nexio,28.92,1,0.15,24.58,WH-BUSAN
OI0000144,O000692,P014,フィットネスウォッチ,ウェアラブル,PulseOn,167.48,2,0.10,301.46,WH-SEOUL
OI0000145,O000534,P016,メッシュWi-Fiルーター,ネットワーク,LinkSphere,218.63,1,0.05,207.70,WH-BUSAN
OI0000146,O000126,P006,ノイズキャンセリングヘッドホン,オーディオ,SonicArc,228.63,1,0.00,228.63,WH-SEOUL
OI0000147,O000294,P014,フィットネスウォッチ,ウェアラブル,PulseOn,177.18,1,0.00,177.18,WH-SEOUL
OI0000148,O000525,P014,フィットネスウォッチ,ウェアラブル,PulseOn,167.27,3,0.10,451.63,WH-SEOUL
OI0000149,O000707,P007,高画質ウェブカメラ,周辺機器,VisionGo,116.53,1,0.00,116.53,WH-SEOUL
OI0000150,O000124,P005,ノートPCスタンド,オフィス用品,ErgoLab,48.05,2,0.00,96.10,WH-BUSAN
OI0000151,O000103,P018,電子書籍リーダー,コンピューター,PageFlow,145.07,2,0.00,290.14,WH-BUSAN
OI0000152,O000121,P005,ノートPCスタンド,オフィス用品,ErgoLab,43.77,2,0.00,87.54,WH-DAEJEON
OI0000153,O000199,P014,フィットネスウォッチ,ウェアラブル,PulseOn,184.54,2,0.10,332.17,WH-INCHEON
OI0000154,O000186,P015,65W急速充電器,周辺機器,VoltEdge,36.74,1,0.00,36.74,WH-DAEJEON
OI0000155,O000495,P001,ワイヤレスマウス,周辺機器,Nexio,29.12,4,0.05,110.66,WH-DAEJEON
OI0000156,O000159,P007,高画質ウェブカメラ,周辺機器,VisionGo,115.10,1,0.10,103.59,WH-SEOUL
OI0000157,O000548,P003,USB-Cハブ,周辺機器,Nexio,53.69,1,0.15,45.64,WH-DAEJEON
OI0000158,O000467,P001,ワイヤレスマウス,周辺機器,Nexio,28.84,1,0.10,25.96,WH-BUSAN
OI0000159,O000027,P007,高画質ウェブカメラ,周辺機器,VisionGo,117.46,2,0.00,234.92,WH-SEOUL
OI0000160,O000355,P009,スマートデスクライト,オフィス用品,LumaWorks,70.75,2,0.00,141.50,WH-DAEJEON
OI0000161,O000560,P003,USB-Cハブ,周辺機器,Nexio,50.73,1,0.05,48.19,WH-BUSAN
OI0000162,O000677,P016,メッシュWi-Fiルーター,ネットワーク,LinkSphere,245.53,4,0.00,982.12,WH-BUSAN
OI0000163,O000668,P017,4Kアクションカメラ,カメラ,VisionGo,351.69,1,0.05,334.11,WH-SEOUL
OI0000164,O000374,P015,65W急速充電器,周辺機器,VoltEdge,36.00,1,0.05,34.20,WH-SEOUL
OI0000165,O000718,P011,エルゴノミクスチェア,オフィス用品,ErgoLab,368.64,1,0.10,331.78,WH-BUSAN
OI0000166,O000111,P001,ワイヤレスマウス,周辺機器,Nexio,31.17,2,0.10,56.11,WH-SEOUL
OI0000167,O000720,P011,エルゴノミクスチェア,オフィス用品,ErgoLab,389.80,1,0.00,389.80,WH-SEOUL
OI0000168,O000062,P002,メカニカルキーボード,周辺機器,KeyForge,85.85,1,0.10,77.27,WH-BUSAN
OI0000169,O000561,P009,スマートデスクライト,オフィス用品,LumaWorks,67.60,4,0.00,270.40,WH-DAEJEON
OI0000170,O000708,P016,メッシュWi-Fiルーター,ネットワーク,LinkSphere,221.60,1,0.05,210.52,WH-SEOUL
OI0000171,O000207,P007,高画質ウェブカメラ,周辺機器,VisionGo,109.58,1,0.00,109.58,WH-DAEJEON
OI0000172,O000380,P015,65W急速充電器,周辺機器,VoltEdge,42.07,4,0.00,168.28,WH-SEOUL
OI0000173,O000440,P015,65W急速充電器,周辺機器,VoltEdge,41.00,1,0.05,38.95,WH-SEOUL
OI0000174,O000310,P007,高画質ウェブカメラ,周辺機器,VisionGo,106.69,1,0.10,96.02,WH-SEOUL
OI0000175,O000569,P017,4Kアクションカメラ,カメラ,VisionGo,351.93,2,0.00,703.86,WH-SEOUL
OI0000176,O000609,P013,14インチ軽量ノートPC,コンピューター,NovaTech,1271.04,4,0.05,4829.95,WH-SEOUL
OI0000177,O000312,P003,USB-Cハブ,周辺機器,Nexio,53.92,1,0.00,53.92,WH-BUSAN
OI0000178,O000625,P017,4Kアクションカメラ,カメラ,VisionGo,310.07,1,0.00,310.07,WH-INCHEON
OI0000179,O000398,P018,電子書籍リーダー,コンピューター,PageFlow,156.54,3,0.00,469.62,WH-INCHEON
OI0000180,O000237,P017,4Kアクションカメラ,カメラ,VisionGo,316.15,3,0.20,758.76,WH-SEOUL
OI0000181,O000254,P010,Bluetoothスピーカー,オーディオ,SonicArc,98.53,1,0.00,98.53,WH-SEOUL
OI0000182,O000187,P007,高画質ウェブカメラ,周辺機器,VisionGo,111.15,1,0.00,111.15,WH-SEOUL
OI0000183,O000649,P012,11インチタブレット,コンピューター,NovaTech,625.05,2,0.00,1250.10,WH-SEOUL
OI0000184,O000621,P018,電子書籍リーダー,コンピューター,PageFlow,156.68,1,0.00,156.68,WH-SEOUL
OI0000185,O000405,P001,ワイヤレスマウス,周辺機器,Nexio,32.04,2,0.00,64.08,WH-SEOUL
OI0000186,O000522,P001,ワイヤレスマウス,周辺機器,Nexio,31.65,1,0.00,31.65,WH-DAEJEON
OI0000187,O000485,P008,ポータブルSSD 1TB,ストレージ,DataNest,138.16,1,0.00,138.16,WH-DAEJEON
OI0000188,O000335,P006,ノイズキャンセリングヘッドホン,オーディオ,SonicArc,203.59,2,0.15,346.10,WH-SEOUL
OI0000189,O000350,P016,メッシュWi-Fiルーター,ネットワーク,LinkSphere,220.48,1,0.00,220.48,WH-SEOUL
OI0000190,O000043,P001,ワイヤレスマウス,周辺機器,Nexio,31.79,1,0.00,31.79,WH-INCHEON
OI0000191,O000159,P013,14インチ軽量ノートPC,コンピューター,NovaTech,1151.78,1,0.00,1151.78,WH-INCHEON
OI0000192,O000126,P005,ノートPCスタンド,オフィス用品,ErgoLab,46.87,2,0.10,84.37,WH-SEOUL
OI0000193,O000099,P015,65W急速充電器,周辺機器,VoltEdge,40.09,1,0.00,40.09,WH-SEOUL
OI0000194,O000162,P018,電子書籍リーダー,コンピューター,PageFlow,137.23,3,0.00,411.69,WH-DAEJEON
OI0000195,O000120,P018,電子書籍リーダー,コンピューター,PageFlow,139.06,1,0.10,125.15,WH-SEOUL
OI0000196,O000242,P008,ポータブルSSD 1TB,ストレージ,DataNest,141.23,3,0.00,423.69,WH-INCHEON
OI0000197,O000079,P009,スマートデスクライト,オフィス用品,LumaWorks,75.28,3,0.00,225.84,WH-SEOUL
OI0000198,O000119,P004,27インチモニター,ディスプレイ,ViewPeak,292.04,1,0.00,292.04,WH-INCHEON
OI0000199,O000160,P013,14インチ軽量ノートPC,コンピューター,NovaTech,1161.00,4,0.00,4644.00,WH-BUSAN
OI0000200,O000156,P003,USB-Cハブ,周辺機器,Nexio,52.96,1,0.00,52.96,WH-SEOUL
OI0000201,O000720,P007,高画質ウェブカメラ,周辺機器,VisionGo,106.38,1,0.10,95.74,WH-DAEJEON
OI0000202,O000285,P013,14インチ軽量ノートPC,コンピューター,NovaTech,1179.64,1,0.05,1120.66,WH-SEOUL
OI0000203,O000279,P017,4Kアクションカメラ,カメラ,VisionGo,343.27,3,0.20,823.85,WH-SEOUL
OI0000204,O000195,P005,ノートPCスタンド,オフィス用品,ErgoLab,46.40,2,0.10,83.52,WH-DAEJEON
OI0000205,O000468,P014,フィットネスウォッチ,ウェアラブル,PulseOn,178.82,1,0.00,178.82,WH-SEOUL
OI0000206,O000347,P005,ノートPCスタンド,オフィス用品,ErgoLab,48.05,1,0.10,43.24,WH-BUSAN
OI0000207,O000249,P012,11インチタブレット,コンピューター,NovaTech,606.71,1,0.00,606.71,WH-SEOUL
OI0000208,O000660,P017,4Kアクションカメラ,カメラ,VisionGo,350.12,1,0.00,350.12,WH-INCHEON
OI0000209,O000019,P009,スマートデスクライト,オフィス用品,LumaWorks,69.31,1,0.00,69.31,WH-SEOUL
OI0000210,O000636,P006,ノイズキャンセリングヘッドホン,オーディオ,SonicArc,203.29,1,0.00,203.29,WH-SEOUL
OI0000211,O000284,P014,フィットネスウォッチ,ウェアラブル,PulseOn,176.54,1,0.00,176.54,WH-DAEJEON
OI0000212,O000176,P005,ノートPCスタンド,オフィス用品,ErgoLab,48.11,1,0.00,48.11,WH-DAEJEON
OI0000213,O000116,P015,65W急速充電器,周辺機器,VoltEdge,39.06,1,0.10,35.15,WH-BUSAN
OI0000214,O000191,P017,4Kアクションカメラ,カメラ,VisionGo,317.60,1,0.00,317.60,WH-BUSAN
OI0000215,O000298,P015,65W急速充電器,周辺機器,VoltEdge,39.32,2,0.20,62.91,WH-BUSAN
OI0000216,O000707,P007,高画質ウェブカメラ,周辺機器,VisionGo,105.15,1,0.10,94.64,WH-SEOUL
OI0000217,O000356,P015,65W急速充電器,周辺機器,VoltEdge,40.10,1,0.00,40.10,WH-SEOUL
OI0000218,O000646,P014,フィットネスウォッチ,ウェアラブル,PulseOn,176.32,2,0.00,352.64,WH-INCHEON
OI0000219,O000013,P011,エルゴノミクスチェア,オフィス用品,ErgoLab,375.62,3,0.00,1126.86,WH-SEOUL
OI0000220,O000277,P015,65W急速充電器,周辺機器,VoltEdge,41.27,3,0.00,123.81,WH-BUSAN
OI0000221,O000455,P004,27インチモニター,ディスプレイ,ViewPeak,275.53,3,0.00,826.59,WH-SEOUL
OI0000222,O000612,P015,65W急速充電器,周辺機器,VoltEdge,40.22,1,0.00,40.22,WH-BUSAN
OI0000223,O000342,P018,電子書籍リーダー,コンピューター,PageFlow,139.65,1,0.05,132.67,WH-SEOUL
OI0000224,O000084,P016,メッシュWi-Fiルーター,ネットワーク,LinkSphere,214.76,1,0.00,214.76,WH-SEOUL
OI0000225,O000348,P015,65W急速充電器,周辺機器,VoltEdge,41.19,1,0.00,41.19,WH-INCHEON
OI0000226,O000348,P011,エルゴノミクスチェア,オフィス用品,ErgoLab,371.55,1,0.00,371.55,WH-SEOUL
OI0000227,O000056,P017,4Kアクションカメラ,カメラ,VisionGo,354.89,1,0.00,354.89,WH-SEOUL
OI0000228,O000081,P003,USB-Cハブ,周辺機器,Nexio,57.47,2,0.00,114.94,WH-BUSAN
OI0000229,O000180,P014,フィットネスウォッチ,ウェアラブル,PulseOn,187.95,2,0.00,375.90,WH-BUSAN
OI0000230,O000524,P005,ノートPCスタンド,オフィス用品,ErgoLab,45.70,1,0.00,45.70,WH-SEOUL
OI0000231,O000695,P018,電子書籍リーダー,コンピューター,PageFlow,158.60,1,0.00,158.60,WH-INCHEON
OI0000232,O000426,P006,ノイズキャンセリングヘッドホン,オーディオ,SonicArc,231.45,1,0.00,231.45,WH-DAEJEON
OI0000233,O000454,P009,スマートデスクライト,オフィス用品,LumaWorks,67.92,4,0.15,230.93,WH-BUSAN
OI0000234,O000282,P016,メッシュWi-Fiルーター,ネットワーク,LinkSphere,236.88,3,0.00,710.64,WH-BUSAN
OI0000235,O000082,P010,Bluetoothスピーカー,オーディオ,SonicArc,90.68,4,0.00,362.72,WH-SEOUL
OI0000236,O000706,P004,27インチモニター,ディスプレイ,ViewPeak,307.84,1,0.00,307.84,WH-DAEJEON
OI0000237,O000700,P016,メッシュWi-Fiルーター,ネットワーク,LinkSphere,222.37,1,0.10,200.13,WH-BUSAN
OI0000238,O000494,P008,ポータブルSSD 1TB,ストレージ,DataNest,147.78,1,0.00,147.78,WH-SEOUL
OI0000239,O000627,P016,メッシュWi-Fiルーター,ネットワーク,LinkSphere,234.71,1,0.00,234.71,WH-DAEJEON
OI0000240,O000181,P013,14インチ軽量ノートPC,コンピューター,NovaTech,1176.95,2,0.00,2353.90,WH-DAEJEON
OI0000241,O000563,P014,フィットネスウォッチ,ウェアラブル,PulseOn,168.14,2,0.00,336.28,WH-BUSAN
OI0000242,O000438,P009,スマートデスクライト,オフィス用品,LumaWorks,71.61,1,0.00,71.61,WH-SEOUL
OI0000243,O000617,P014,フィットネスウォッチ,ウェアラブル,PulseOn,189.68,1,0.00,189.68,WH-SEOUL
OI0000244,O000370,P004,27インチモニター,ディスプレイ,ViewPeak,286.30,1,0.05,271.99,WH-BUSAN
OI0000245,O000608,P001,ワイヤレスマウス,周辺機器,Nexio,29.05,1,0.05,27.60,WH-BUSAN
OI0000246,O000353,P003,USB-Cハブ,周辺機器,Nexio,50.72,1,0.00,50.72,WH-SEOUL
OI0000247,O000174,P015,65W急速充電器,周辺機器,VoltEdge,36.22,1,0.00,36.22,WH-DAEJEON
OI0000248,O000266,P011,エルゴノミクスチェア,オフィス用品,ErgoLab,391.03,2,0.10,703.85,WH-DAEJEON
OI0000249,O000013,P014,フィットネスウォッチ,ウェアラブル,PulseOn,173.82,2,0.00,347.64,WH-SEOUL
OI0000250,O000473,P003,USB-Cハブ,周辺機器,Nexio,54.89,3,0.05,156.44,WH-SEOUL
OI0000251,O000418,P001,ワイヤレスマウス,周辺機器,Nexio,30.93,2,0.15,52.58,WH-INCHEON
OI0000252,O000025,P001,ワイヤレスマウス,周辺機器,Nexio,29.33,1,0.00,29.33,WH-SEOUL
OI0000253,O000111,P003,USB-Cハブ,周辺機器,Nexio,51.67,1,0.10,46.50,WH-INCHEON
OI0000254,O000152,P012,11インチタブレット,コンピューター,NovaTech,683.21,2,0.00,1366.42,WH-SEOUL
OI0000255,O000319,P008,ポータブルSSD 1TB,ストレージ,DataNest,139.16,1,0.10,125.24,WH-BUSAN
OI0000256,O000567,P014,フィットネスウォッチ,ウェアラブル,PulseOn,179.44,1,0.10,161.50,WH-SEOUL
OI0000257,O000478,P015,65W急速充電器,周辺機器,VoltEdge,41.08,1,0.10,36.97,WH-INCHEON
OI0000258,O000105,P010,Bluetoothスピーカー,オーディオ,SonicArc,88.95,1,0.05,84.50,WH-INCHEON
OI0000259,O000599,P001,ワイヤレスマウス,周辺機器,Nexio,31.42,4,0.00,125.68,WH-BUSAN
OI0000260,O000327,P018,電子書籍リーダー,コンピューター,PageFlow,137.63,1,0.15,116.99,WH-DAEJEON
OI0000261,O000517,P002,メカニカルキーボード,周辺機器,KeyForge,84.80,2,0.00,169.60,WH-SEOUL
OI0000262,O000628,P010,Bluetoothスピーカー,オーディオ,SonicArc,91.71,1,0.00,91.71,WH-DAEJEON
OI0000263,O000065,P011,エルゴノミクスチェア,オフィス用品,ErgoLab,414.59,4,0.00,1658.36,WH-BUSAN
OI0000264,O000138,P003,USB-Cハブ,周辺機器,Nexio,54.51,2,0.10,98.12,WH-SEOUL
OI0000265,O000275,P007,高画質ウェブカメラ,周辺機器,VisionGo,108.75,3,0.10,293.62,WH-DAEJEON
OI0000266,O000188,P016,メッシュWi-Fiルーター,ネットワーク,LinkSphere,230.69,1,0.10,207.62,WH-SEOUL
OI0000267,O000434,P009,スマートデスクライト,オフィス用品,LumaWorks,68.34,2,0.00,136.68,WH-SEOUL
OI0000268,O000233,P002,メカニカルキーボード,周辺機器,KeyForge,84.77,4,0.05,322.13,WH-SEOUL
OI0000269,O000400,P018,電子書籍リーダー,コンピューター,PageFlow,158.55,4,0.05,602.49,WH-BUSAN
OI0000270,O000553,P005,ノートPCスタンド,オフィス用品,ErgoLab,43.38,1,0.00,43.38,WH-SEOUL
OI0000271,O000333,P001,ワイヤレスマウス,周辺機器,Nexio,29.86,1,0.00,29.86,WH-INCHEON
OI0000272,O000321,P017,4Kアクションカメラ,カメラ,VisionGo,325.87,2,0.10,586.57,WH-SEOUL
OI0000273,O000245,P018,電子書籍リーダー,コンピューター,PageFlow,139.23,1,0.10,125.31,WH-SEOUL
OI0000274,O000517,P011,エルゴノミクスチェア,オフィス用品,ErgoLab,369.03,1,0.05,350.58,WH-SEOUL
OI0000275,O000084,P009,スマートデスクライト,オフィス用品,LumaWorks,68.44,1,0.00,68.44,WH-SEOUL
OI0000276,O000416,P004,27インチモニター,ディスプレイ,ViewPeak,280.09,2,0.00,560.18,WH-BUSAN
OI0000277,O000170,P014,フィットネスウォッチ,ウェアラブル,PulseOn,176.35,1,0.00,176.35,WH-INCHEON
OI0000278,O000071,P013,14インチ軽量ノートPC,コンピューター,NovaTech,1104.08,1,0.00,1104.08,WH-SEOUL
OI0000279,O000452,P006,ノイズキャンセリングヘッドホン,オーディオ,SonicArc,207.15,2,0.05,393.58,WH-INCHEON
OI0000280,O000133,P004,27インチモニター,ディスプレイ,ViewPeak,297.04,1,0.05,282.19,WH-DAEJEON
OI0000281,O000149,P011,エルゴノミクスチェア,オフィス用品,ErgoLab,414.13,1,0.05,393.42,WH-SEOUL
OI0000282,O000318,P013,14インチ軽量ノートPC,コンピューター,NovaTech,1261.50,1,0.00,1261.50,WH-SEOUL
OI0000283,O000593,P003,USB-Cハブ,周辺機器,Nexio,58.54,1,0.05,55.61,WH-DAEJEON
OI0000284,O000026,P002,メカニカルキーボード,周辺機器,KeyForge,86.03,2,0.00,172.06,WH-BUSAN
OI0000285,O000141,P016,メッシュWi-Fiルーター,ネットワーク,LinkSphere,219.25,3,0.05,624.86,WH-SEOUL
OI0000286,O000441,P007,高画質ウェブカメラ,周辺機器,VisionGo,105.32,1,0.10,94.79,WH-SEOUL
OI0000287,O000367,P008,ポータブルSSD 1TB,ストレージ,DataNest,132.40,1,0.10,119.16,WH-INCHEON
OI0000288,O000264,P016,メッシュWi-Fiルーター,ネットワーク,LinkSphere,221.53,1,0.00,221.53,WH-INCHEON
OI0000289,O000638,P006,ノイズキャンセリングヘッドホン,オーディオ,SonicArc,210.14,1,0.00,210.14,WH-SEOUL
OI0000290,O000552,P013,14インチ軽量ノートPC,コンピューター,NovaTech,1127.51,1,0.00,1127.51,WH-SEOUL
OI0000291,O000349,P012,11インチタブレット,コンピューター,NovaTech,641.02,1,0.00,641.02,WH-SEOUL
OI0000292,O000288,P003,USB-Cハブ,周辺機器,Nexio,50.23,1,0.00,50.23,WH-SEOUL
OI0000293,O000021,P018,電子書籍リーダー,コンピューター,PageFlow,154.63,1,0.00,154.63,WH-SEOUL
OI0000294,O000225,P006,ノイズキャンセリングヘッドホン,オーディオ,SonicArc,213.56,1,0.20,170.85,WH-INCHEON
OI0000295,O000417,P006,ノイズキャンセリングヘッドホン,オーディオ,SonicArc,205.80,1,0.20,164.64,WH-BUSAN
OI0000296,O000378,P012,11インチタブレット,コンピューター,NovaTech,685.74,1,0.00,685.74,WH-SEOUL
OI0000297,O000357,P014,フィットネスウォッチ,ウェアラブル,PulseOn,166.87,1,0.15,141.84,WH-SEOUL
OI0000298,O000650,P011,エルゴノミクスチェア,オフィス用品,ErgoLab,380.79,1,0.00,380.79,WH-INCHEON
OI0000299,O000626,P013,14インチ軽量ノートPC,コンピューター,NovaTech,1117.11,2,0.00,2234.22,WH-DAEJEON
OI0000300,O000507,P003,USB-Cハブ,周辺機器,Nexio,56.50,1,0.05,53.67,WH-DAEJEON
OI0000301,O000381,P010,Bluetoothスピーカー,オーディオ,SonicArc,92.93,1,0.15,78.99,WH-BUSAN
OI0000302,O000501,P011,エルゴノミクスチェア,オフィス用品,ErgoLab,381.68,1,0.00,381.68,WH-SEOUL
OI0000303,O000262,P014,フィットネスウォッチ,ウェアラブル,PulseOn,170.05,1,0.10,153.05,WH-SEOUL
OI0000304,O000110,P012,11インチタブレット,コンピューター,NovaTech,638.50,1,0.00,638.50,WH-BUSAN
OI0000305,O000696,P008,ポータブルSSD 1TB,ストレージ,DataNest,149.73,1,0.10,134.76,WH-SEOUL
OI0000306,O000023,P009,スマートデスクライト,オフィス用品,LumaWorks,73.30,1,0.00,73.30,WH-SEOUL
OI0000307,O000460,P013,14インチ軽量ノートPC,コンピューター,NovaTech,1208.57,1,0.20,966.86,WH-DAEJEON
OI0000308,O000554,P005,ノートPCスタンド,オフィス用品,ErgoLab,47.89,2,0.05,90.99,WH-SEOUL
OI0000309,O000515,P010,Bluetoothスピーカー,オーディオ,SonicArc,99.25,1,0.10,89.33,WH-SEOUL
OI0000310,O000699,P009,スマートデスクライト,オフィス用品,LumaWorks,74.52,1,0.00,74.52,WH-SEOUL
OI0000311,O000073,P009,スマートデスクライト,オフィス用品,LumaWorks,67.51,1,0.05,64.13,WH-DAEJEON
OI0000312,O000583,P016,メッシュWi-Fiルーター,ネットワーク,LinkSphere,213.09,1,0.00,213.09,WH-BUSAN
OI0000313,O000325,P011,エルゴノミクスチェア,オフィス用品,ErgoLab,393.03,3,0.05,1120.14,WH-SEOUL
OI0000314,O000631,P004,27インチモニター,ディスプレイ,ViewPeak,270.54,1,0.05,257.01,WH-SEOUL
OI0000315,O000693,P009,スマートデスクライト,オフィス用品,LumaWorks,68.32,2,0.00,136.64,WH-DAEJEON
OI0000316,O000379,P006,ノイズキャンセリングヘッドホン,オーディオ,SonicArc,205.40,1,0.00,205.40,WH-SEOUL
OI0000317,O000490,P003,USB-Cハブ,周辺機器,Nexio,53.13,1,0.00,53.13,WH-DAEJEON
OI0000318,O000404,P006,ノイズキャンセリングヘッドホン,オーディオ,SonicArc,235.46,1,0.00,235.46,WH-SEOUL
OI0000319,O000411,P003,USB-Cハブ,周辺機器,Nexio,58.31,1,0.15,49.56,WH-SEOUL
OI0000320,O000200,P012,11インチタブレット,コンピューター,NovaTech,691.86,1,0.05,657.27,WH-SEOUL
OI0000321,O000400,P006,ノイズキャンセリングヘッドホン,オーディオ,SonicArc,223.42,1,0.00,223.42,WH-SEOUL
OI0000322,O000280,P002,メカニカルキーボード,周辺機器,KeyForge,87.32,2,0.05,165.91,WH-SEOUL
OI0000323,O000408,P011,エルゴノミクスチェア,オフィス用品,ErgoLab,383.24,2,0.00,766.48,WH-DAEJEON
OI0000324,O000045,P013,14インチ軽量ノートPC,コンピューター,NovaTech,1111.72,2,0.00,2223.44,WH-SEOUL
OI0000325,O000544,P013,14インチ軽量ノートPC,コンピューター,NovaTech,1283.87,2,0.10,2310.97,WH-SEOUL
OI0000326,O000384,P013,14インチ軽量ノートPC,コンピューター,NovaTech,1138.80,1,0.05,1081.86,WH-SEOUL
OI0000327,O000287,P012,11インチタブレット,コンピューター,NovaTech,627.17,1,0.10,564.45,WH-SEOUL
OI0000328,O000164,P013,14インチ軽量ノートPC,コンピューター,NovaTech,1183.05,2,0.05,2247.79,WH-DAEJEON
OI0000329,O000027,P015,65W急速充電器,周辺機器,VoltEdge,39.28,1,0.00,39.28,WH-INCHEON
OI0000330,O000317,P005,ノートPCスタンド,オフィス用品,ErgoLab,47.10,2,0.00,94.20,WH-SEOUL
OI0000331,O000459,P017,4Kアクションカメラ,カメラ,VisionGo,342.91,2,0.10,617.24,WH-DAEJEON
OI0000332,O000296,P018,電子書籍リーダー,コンピューター,PageFlow,137.81,1,0.00,137.81,WH-SEOUL
OI0000333,O000604,P008,ポータブルSSD 1TB,ストレージ,DataNest,142.09,1,0.10,127.88,WH-SEOUL
OI0000334,O000484,P016,メッシュWi-Fiルーター,ネットワーク,LinkSphere,240.27,1,0.00,240.27,WH-SEOUL
OI0000335,O000045,P010,Bluetoothスピーカー,オーディオ,SonicArc,89.26,4,0.05,339.19,WH-INCHEON
OI0000336,O000510,P011,エルゴノミクスチェア,オフィス用品,ErgoLab,383.19,1,0.00,383.19,WH-BUSAN
OI0000337,O000576,P002,メカニカルキーボード,周辺機器,KeyForge,87.26,3,0.15,222.51,WH-SEOUL
OI0000338,O000518,P011,エルゴノミクスチェア,オフィス用品,ErgoLab,424.41,2,0.00,848.82,WH-SEOUL
OI0000339,O000487,P009,スマートデスクライト,オフィス用品,LumaWorks,75.31,1,0.00,75.31,WH-DAEJEON
OI0000340,O000271,P001,ワイヤレスマウス,周辺機器,Nexio,29.29,1,0.10,26.36,WH-SEOUL
OI0000341,O000257,P007,高画質ウェブカメラ,周辺機器,VisionGo,109.31,1,0.10,98.38,WH-SEOUL
OI0000342,O000231,P010,Bluetoothスピーカー,オーディオ,SonicArc,92.69,1,0.00,92.69,WH-SEOUL
OI0000343,O000538,P010,Bluetoothスピーカー,オーディオ,SonicArc,102.53,1,0.00,102.53,WH-DAEJEON
OI0000344,O000539,P004,27インチモニター,ディスプレイ,ViewPeak,286.70,2,0.00,573.40,WH-SEOUL
OI0000345,O000415,P011,エルゴノミクスチェア,オフィス用品,ErgoLab,424.74,4,0.00,1698.96,WH-DAEJEON
OI0000346,O000323,P004,27インチモニター,ディスプレイ,ViewPeak,276.13,1,0.00,276.13,WH-BUSAN
OI0000347,O000649,P008,ポータブルSSD 1TB,ストレージ,DataNest,145.02,1,0.00,145.02,WH-SEOUL
OI0000348,O000389,P004,27インチモニター,ディスプレイ,ViewPeak,303.71,1,0.00,303.71,WH-SEOUL
OI0000349,O000020,P018,電子書籍リーダー,コンピューター,PageFlow,148.75,1,0.05,141.31,WH-BUSAN
OI0000350,O000640,P001,ワイヤレスマウス,周辺機器,Nexio,30.15,1,0.00,30.15,WH-SEOUL
OI0000351,O000477,P002,メカニカルキーボード,周辺機器,KeyForge,86.08,1,0.00,86.08,WH-INCHEON
OI0000352,O000239,P009,スマートデスクライト,オフィス用品,LumaWorks,71.53,1,0.10,64.38,WH-SEOUL
OI0000353,O000238,P016,メッシュWi-Fiルーター,ネットワーク,LinkSphere,229.09,2,0.00,458.18,WH-BUSAN
OI0000354,O000578,P003,USB-Cハブ,周辺機器,Nexio,56.53,1,0.05,53.70,WH-BUSAN
OI0000355,O000390,P009,スマートデスクライト,オフィス用品,LumaWorks,76.19,1,0.15,64.76,WH-DAEJEON
OI0000356,O000134,P002,メカニカルキーボード,周辺機器,KeyForge,89.68,1,0.00,89.68,WH-SEOUL
OI0000357,O000493,P006,ノイズキャンセリングヘッドホン,オーディオ,SonicArc,223.48,1,0.20,178.78,WH-SEOUL
OI0000358,O000632,P007,高画質ウェブカメラ,周辺機器,VisionGo,109.63,1,0.00,109.63,WH-SEOUL
OI0000359,O000056,P015,65W急速充電器,周辺機器,VoltEdge,41.56,2,0.00,83.12,WH-INCHEON
OI0000360,O000454,P011,エルゴノミクスチェア,オフィス用品,ErgoLab,415.96,1,0.00,415.96,WH-SEOUL
OI0000361,O000462,P003,USB-Cハブ,周辺機器,Nexio,55.44,1,0.00,55.44,WH-SEOUL
OI0000362,O000404,P009,スマートデスクライト,オフィス用品,LumaWorks,75.53,1,0.00,75.53,WH-SEOUL
OI0000363,O000557,P005,ノートPCスタンド,オフィス用品,ErgoLab,50.64,2,0.00,101.28,WH-SEOUL
OI0000364,O000060,P005,ノートPCスタンド,オフィス用品,ErgoLab,44.26,1,0.00,44.26,WH-SEOUL
OI0000365,O000631,P002,メカニカルキーボード,周辺機器,KeyForge,91.38,3,0.00,274.14,WH-SEOUL
OI0000366,O000678,P018,電子書籍リーダー,コンピューター,PageFlow,139.90,1,0.20,111.92,WH-SEOUL
OI0000367,O000515,P017,4Kアクションカメラ,カメラ,VisionGo,340.28,2,0.00,680.56,WH-SEOUL
OI0000368,O000068,P012,11インチタブレット,コンピューター,NovaTech,696.27,3,0.00,2088.81,WH-SEOUL
OI0000369,O000185,P016,メッシュWi-Fiルーター,ネットワーク,LinkSphere,237.79,1,0.00,237.79,WH-INCHEON
OI0000370,O000035,P018,電子書籍リーダー,コンピューター,PageFlow,150.63,1,0.00,150.63,WH-DAEJEON
OI0000371,O000064,P016,メッシュWi-Fiルーター,ネットワーク,LinkSphere,220.11,1,0.10,198.10,WH-DAEJEON
OI0000372,O000126,P001,ワイヤレスマウス,周辺機器,Nexio,28.96,1,0.00,28.96,WH-BUSAN
OI0000373,O000017,P002,メカニカルキーボード,周辺機器,KeyForge,89.91,1,0.00,89.91,WH-INCHEON
OI0000374,O000292,P011,エルゴノミクスチェア,オフィス用品,ErgoLab,374.29,1,0.05,355.58,WH-SEOUL
OI0000375,O000405,P004,27インチモニター,ディスプレイ,ViewPeak,306.08,1,0.05,290.78,WH-SEOUL
OI0000376,O000110,P017,4Kアクションカメラ,カメラ,VisionGo,331.71,1,0.00,331.71,WH-SEOUL
OI0000377,O000139,P018,電子書籍リーダー,コンピューター,PageFlow,150.49,1,0.00,150.49,WH-SEOUL
OI0000378,O000710,P009,スマートデスクライト,オフィス用品,LumaWorks,72.00,3,0.00,216.00,WH-INCHEON
OI0000379,O000248,P008,ポータブルSSD 1TB,ストレージ,DataNest,137.25,2,0.15,233.32,WH-DAEJEON
OI0000380,O000261,P005,ノートPCスタンド,オフィス用品,ErgoLab,47.18,3,0.00,141.54,WH-SEOUL
OI0000381,O000466,P010,Bluetoothスピーカー,オーディオ,SonicArc,89.17,1,0.00,89.17,WH-SEOUL
OI0000382,O000676,P012,11インチタブレット,コンピューター,NovaTech,603.86,1,0.05,573.67,WH-BUSAN
OI0000383,O000260,P005,ノートPCスタンド,オフィス用品,ErgoLab,49.91,1,0.00,49.91,WH-SEOUL
OI0000384,O000200,P012,11インチタブレット,コンピューター,NovaTech,600.82,1,0.05,570.78,WH-SEOUL
OI0000385,O000057,P015,65W急速充電器,周辺機器,VoltEdge,37.42,2,0.00,74.84,WH-BUSAN
OI0000386,O000286,P005,ノートPCスタンド,オフィス用品,ErgoLab,43.78,1,0.00,43.78,WH-SEOUL
OI0000387,O000421,P017,4Kアクションカメラ,カメラ,VisionGo,324.59,2,0.00,649.18,WH-SEOUL
OI0000388,O000443,P010,Bluetoothスピーカー,オーディオ,SonicArc,96.77,1,0.05,91.93,WH-BUSAN
OI0000389,O000331,P002,メカニカルキーボード,周辺機器,KeyForge,92.74,1,0.00,92.74,WH-INCHEON
OI0000390,O000255,P005,ノートPCスタンド,オフィス用品,ErgoLab,43.75,1,0.00,43.75,WH-SEOUL
OI0000391,O000252,P008,ポータブルSSD 1TB,ストレージ,DataNest,146.82,1,0.15,124.80,WH-BUSAN
OI0000392,O000472,P003,USB-Cハブ,周辺機器,Nexio,55.69,1,0.00,55.69,WH-SEOUL
OI0000393,O000654,P009,スマートデスクライト,オフィス用品,LumaWorks,73.08,1,0.00,73.08,WH-INCHEON
OI0000394,O000664,P007,高画質ウェブカメラ,周辺機器,VisionGo,102.26,1,0.00,102.26,WH-INCHEON
OI0000395,O000377,P009,スマートデスクライト,オフィス用品,LumaWorks,67.27,1,0.15,57.18,WH-DAEJEON
OI0000396,O000717,P014,フィットネスウォッチ,ウェアラブル,PulseOn,185.35,1,0.00,185.35,WH-SEOUL
OI0000397,O000015,P012,11インチタブレット,コンピューター,NovaTech,626.74,1,0.00,626.74,WH-DAEJEON
OI0000398,O000148,P006,ノイズキャンセリングヘッドホン,オーディオ,SonicArc,214.78,1,0.00,214.78,WH-SEOUL
OI0000399,O000402,P018,電子書籍リーダー,コンピューター,PageFlow,148.54,1,0.15,126.26,WH-INCHEON
OI0000400,O000561,P001,ワイヤレスマウス,周辺機器,Nexio,31.06,4,0.05,118.03,WH-SEOUL
OI0000401,O000256,P002,メカニカルキーボード,周辺機器,KeyForge,93.13,1,0.00,93.13,WH-SEOUL
OI0000402,O000324,P012,11インチタブレット,コンピューター,NovaTech,697.88,3,0.05,1988.96,WH-DAEJEON
OI0000403,O000136,P012,11インチタブレット,コンピューター,NovaTech,671.67,1,0.15,570.92,WH-SEOUL
OI0000404,O000340,P003,USB-Cハブ,周辺機器,Nexio,53.29,2,0.10,95.92,WH-SEOUL
OI0000405,O000105,P010,Bluetoothスピーカー,オーディオ,SonicArc,102.07,3,0.00,306.21,WH-SEOUL
OI0000406,O000145,P013,14インチ軽量ノートPC,コンピューター,NovaTech,1174.07,1,0.05,1115.37,WH-INCHEON
OI0000407,O000265,P016,メッシュWi-Fiルーター,ネットワーク,LinkSphere,229.37,1,0.00,229.37,WH-INCHEON
OI0000408,O000247,P002,メカニカルキーボード,周辺機器,KeyForge,85.86,1,0.10,77.27,WH-BUSAN
OI0000409,O000122,P002,メカニカルキーボード,周辺機器,KeyForge,84.01,1,0.00,84.01,WH-SEOUL
OI0000410,O000278,P002,メカニカルキーボード,周辺機器,KeyForge,94.34,2,0.05,179.25,WH-SEOUL
OI0000411,O000255,P003,USB-Cハブ,周辺機器,Nexio,50.54,2,0.00,101.08,WH-DAEJEON
OI0000412,O000474,P009,スマートデスクライト,オフィス用品,LumaWorks,72.01,3,0.10,194.43,WH-SEOUL
OI0000413,O000008,P017,4Kアクションカメラ,カメラ,VisionGo,353.86,1,0.00,353.86,WH-INCHEON
OI0000414,O000115,P013,14インチ軽量ノートPC,コンピューター,NovaTech,1157.59,2,0.00,2315.18,WH-BUSAN
OI0000415,O000658,P004,27インチモニター,ディスプレイ,ViewPeak,271.20,1,0.00,271.20,WH-SEOUL
OI0000416,O000276,P001,ワイヤレスマウス,周辺機器,Nexio,31.76,1,0.00,31.76,WH-INCHEON
OI0000417,O000189,P018,電子書籍リーダー,コンピューター,PageFlow,138.01,1,0.00,138.01,WH-SEOUL
OI0000418,O000140,P004,27インチモニター,ディスプレイ,ViewPeak,308.80,1,0.00,308.80,WH-DAEJEON
OI0000419,O000116,P003,USB-Cハブ,周辺機器,Nexio,54.59,1,0.00,54.59,WH-DAEJEON
OI0000420,O000290,P016,メッシュWi-Fiルーター,ネットワーク,LinkSphere,225.05,2,0.00,450.10,WH-DAEJEON
OI0000421,O000476,P014,フィットネスウォッチ,ウェアラブル,PulseOn,178.33,1,0.00,178.33,WH-SEOUL
OI0000422,O000172,P005,ノートPCスタンド,オフィス用品,ErgoLab,47.28,2,0.00,94.56,WH-BUSAN
OI0000423,O000549,P008,ポータブルSSD 1TB,ストレージ,DataNest,138.55,1,0.00,138.55,WH-BUSAN
OI0000424,O000498,P009,スマートデスクライト,オフィス用品,LumaWorks,68.44,4,0.10,246.38,WH-SEOUL
OI0000425,O000479,P016,メッシュWi-Fiルーター,ネットワーク,LinkSphere,234.64,1,0.00,234.64,WH-BUSAN
OI0000426,O000682,P015,65W急速充電器,周辺機器,VoltEdge,38.39,1,0.05,36.47,WH-DAEJEON
OI0000427,O000250,P002,メカニカルキーボード,周辺機器,KeyForge,89.67,3,0.15,228.66,WH-BUSAN
OI0000428,O000169,P011,エルゴノミクスチェア,オフィス用品,ErgoLab,369.40,1,0.00,369.40,WH-BUSAN
OI0000429,O000662,P004,27インチモニター,ディスプレイ,ViewPeak,289.03,1,0.20,231.22,WH-SEOUL
OI0000430,O000619,P012,11インチタブレット,コンピューター,NovaTech,604.56,2,0.00,1209.12,WH-DAEJEON
OI0000431,O000569,P009,スマートデスクライト,オフィス用品,LumaWorks,74.38,1,0.00,74.38,WH-SEOUL
OI0000432,O000385,P009,スマートデスクライト,オフィス用品,LumaWorks,68.37,2,0.00,136.74,WH-INCHEON
OI0000433,O000392,P005,ノートPCスタンド,オフィス用品,ErgoLab,48.78,1,0.00,48.78,WH-BUSAN
OI0000434,O000699,P001,ワイヤレスマウス,周辺機器,Nexio,31.64,1,0.00,31.64,WH-BUSAN
OI0000435,O000449,P004,27インチモニター,ディスプレイ,ViewPeak,276.34,1,0.05,262.52,WH-DAEJEON
OI0000436,O000213,P012,11インチタブレット,コンピューター,NovaTech,614.54,2,0.00,1229.08,WH-SEOUL
OI0000437,O000640,P016,メッシュWi-Fiルーター,ネットワーク,LinkSphere,218.40,1,0.00,218.40,WH-SEOUL
OI0000438,O000675,P016,メッシュWi-Fiルーター,ネットワーク,LinkSphere,222.50,1,0.00,222.50,WH-SEOUL
OI0000439,O000044,P018,電子書籍リーダー,コンピューター,PageFlow,154.86,1,0.20,123.89,WH-DAEJEON
OI0000440,O000425,P004,27インチモニター,ディスプレイ,ViewPeak,291.16,2,0.10,524.09,WH-DAEJEON
OI0000441,O000351,P005,ノートPCスタンド,オフィス用品,ErgoLab,44.77,3,0.00,134.31,WH-SEOUL
OI0000442,O000469,P012,11インチタブレット,コンピューター,NovaTech,653.99,2,0.00,1307.98,WH-SEOUL
OI0000443,O000603,P013,14インチ軽量ノートPC,コンピューター,NovaTech,1169.70,4,0.00,4678.80,WH-BUSAN
OI0000444,O000584,P013,14インチ軽量ノートPC,コンピューター,NovaTech,1180.26,1,0.15,1003.22,WH-BUSAN
OI0000445,O000634,P001,ワイヤレスマウス,周辺機器,Nexio,28.47,2,0.10,51.25,WH-BUSAN
OI0000446,O000202,P015,65W急速充電器,周辺機器,VoltEdge,41.47,1,0.05,39.40,WH-DAEJEON
OI0000447,O000226,P008,ポータブルSSD 1TB,ストレージ,DataNest,133.80,1,0.00,133.80,WH-SEOUL
OI0000448,O000720,P009,スマートデスクライト,オフィス用品,LumaWorks,68.74,1,0.00,68.74,WH-DAEJEON
OI0000449,O000296,P015,65W急速充電器,周辺機器,VoltEdge,37.66,2,0.05,71.55,WH-BUSAN
OI0000450,O000127,P006,ノイズキャンセリングヘッドホン,オーディオ,SonicArc,202.27,2,0.00,404.54,WH-DAEJEON
OI0000451,O000528,P016,メッシュWi-Fiルーター,ネットワーク,LinkSphere,233.55,2,0.00,467.10,WH-BUSAN
OI0000452,O000436,P004,27インチモニター,ディスプレイ,ViewPeak,299.76,1,0.05,284.77,WH-SEOUL
OI0000453,O000394,P012,11インチタブレット,コンピューター,NovaTech,655.32,1,0.00,655.32,WH-BUSAN
OI0000454,O000568,P016,メッシュWi-Fiルーター,ネットワーク,LinkSphere,224.14,1,0.00,224.14,WH-SEOUL
OI0000455,O000065,P014,フィットネスウォッチ,ウェアラブル,PulseOn,170.54,1,0.15,144.96,WH-DAEJEON
OI0000456,O000521,P006,ノイズキャンセリングヘッドホン,オーディオ,SonicArc,226.08,1,0.00,226.08,WH-SEOUL
OI0000457,O000367,P009,スマートデスクライト,オフィス用品,LumaWorks,70.14,1,0.10,63.13,WH-INCHEON
OI0000458,O000662,P002,メカニカルキーボード,周辺機器,KeyForge,89.20,4,0.00,356.80,WH-SEOUL
OI0000459,O000080,P014,フィットネスウォッチ,ウェアラブル,PulseOn,165.65,2,0.00,331.30,WH-DAEJEON
OI0000460,O000527,P015,65W急速充電器,周辺機器,VoltEdge,37.66,1,0.10,33.89,WH-SEOUL
OI0000461,O000356,P005,ノートPCスタンド,オフィス用品,ErgoLab,44.43,1,0.00,44.43,WH-DAEJEON
OI0000462,O000653,P018,電子書籍リーダー,コンピューター,PageFlow,139.57,3,0.05,397.77,WH-BUSAN
OI0000463,O000336,P002,メカニカルキーボード,周辺機器,KeyForge,85.57,1,0.00,85.57,WH-SEOUL
OI0000464,O000016,P011,エルゴノミクスチェア,オフィス用品,ErgoLab,384.65,1,0.00,384.65,WH-SEOUL
OI0000465,O000031,P007,高画質ウェブカメラ,周辺機器,VisionGo,107.14,1,0.00,107.14,WH-SEOUL
OI0000466,O000592,P004,27インチモニター,ディスプレイ,ViewPeak,269.34,1,0.05,255.87,WH-DAEJEON
OI0000467,O000360,P010,Bluetoothスピーカー,オーディオ,SonicArc,91.07,2,0.00,182.14,WH-SEOUL
OI0000468,O000429,P012,11インチタブレット,コンピューター,NovaTech,602.06,1,0.10,541.85,WH-SEOUL
OI0000469,O000386,P018,電子書籍リーダー,コンピューター,PageFlow,145.43,2,0.15,247.23,WH-BUSAN
OI0000470,O000473,P006,ノイズキャンセリングヘッドホン,オーディオ,SonicArc,228.04,2,0.00,456.08,WH-DAEJEON
OI0000471,O000691,P004,27インチモニター,ディスプレイ,ViewPeak,268.23,1,0.00,268.23,WH-SEOUL
OI0000472,O000606,P014,フィットネスウォッチ,ウェアラブル,PulseOn,178.69,2,0.00,357.38,WH-SEOUL
OI0000473,O000221,P017,4Kアクションカメラ,カメラ,VisionGo,321.89,1,0.10,289.70,WH-DAEJEON
OI0000474,O000346,P016,メッシュWi-Fiルーター,ネットワーク,LinkSphere,218.64,1,0.00,218.64,WH-SEOUL
OI0000475,O000419,P009,スマートデスクライト,オフィス用品,LumaWorks,75.70,1,0.00,75.70,WH-INCHEON
OI0000476,O000574,P007,高画質ウェブカメラ,周辺機器,VisionGo,107.06,1,0.00,107.06,WH-SEOUL
OI0000477,O000585,P015,65W急速充電器,周辺機器,VoltEdge,39.68,2,0.10,71.42,WH-BUSAN
OI0000478,O000465,P017,4Kアクションカメラ,カメラ,VisionGo,330.88,1,0.10,297.79,WH-SEOUL
OI0000479,O000458,P003,USB-Cハブ,周辺機器,Nexio,54.95,1,0.05,52.20,WH-SEOUL
OI0000480,O000587,P011,エルゴノミクスチェア,オフィス用品,ErgoLab,430.87,1,0.00,430.87,WH-SEOUL
OI0000481,O000680,P006,ノイズキャンセリングヘッドホン,オーディオ,SonicArc,213.51,1,0.00,213.51,WH-SEOUL
OI0000482,O000383,P014,フィットネスウォッチ,ウェアラブル,PulseOn,190.16,1,0.00,190.16,WH-SEOUL
OI0000483,O000074,P014,フィットネスウォッチ,ウェアラブル,PulseOn,175.38,1,0.00,175.38,WH-SEOUL
OI0000484,O000410,P003,USB-Cハブ,周辺機器,Nexio,52.17,1,0.00,52.17,WH-SEOUL
OI0000485,O000363,P014,フィットネスウォッチ,ウェアラブル,PulseOn,169.80,2,0.05,322.62,WH-INCHEON
OI0000486,O000372,P011,エルゴノミクスチェア,オフィス用品,ErgoLab,380.25,2,0.00,760.50,WH-DAEJEON
OI0000487,O000396,P004,27インチモニター,ディスプレイ,ViewPeak,292.37,1,0.00,292.37,WH-DAEJEON
OI0000488,O000322,P016,メッシュWi-Fiルーター,ネットワーク,LinkSphere,243.06,1,0.00,243.06,WH-SEOUL
OI0000489,O000329,P018,電子書籍リーダー,コンピューター,PageFlow,153.65,1,0.05,145.97,WH-SEOUL
OI0000490,O000090,P012,11インチタブレット,コンピューター,NovaTech,614.36,1,0.00,614.36,WH-SEOUL
OI0000491,O000621,P015,65W急速充電器,周辺機器,VoltEdge,37.00,1,0.00,37.00,WH-SEOUL
OI0000492,O000041,P001,ワイヤレスマウス,周辺機器,Nexio,31.20,1,0.05,29.64,WH-BUSAN
OI0000493,O000374,P012,11インチタブレット,コンピューター,NovaTech,665.57,2,0.05,1264.58,WH-BUSAN
OI0000494,O000541,P017,4Kアクションカメラ,カメラ,VisionGo,322.31,1,0.05,306.19,WH-SEOUL
OI0000495,O000158,P007,高画質ウェブカメラ,周辺機器,VisionGo,106.65,1,0.00,106.65,WH-DAEJEON
OI0000496,O000083,P002,メカニカルキーボード,周辺機器,KeyForge,83.20,4,0.15,282.88,WH-DAEJEON
OI0000497,O000301,P016,メッシュWi-Fiルーター,ネットワーク,LinkSphere,223.63,1,0.00,223.63,WH-BUSAN
OI0000498,O000523,P001,ワイヤレスマウス,周辺機器,Nexio,28.02,2,0.00,56.04,WH-BUSAN
OI0000499,O000703,P003,USB-Cハブ,周辺機器,Nexio,51.46,1,0.00,51.46,WH-BUSAN
OI0000500,O000373,P009,スマートデスクライト,オフィス用品,LumaWorks,73.43,1,0.05,69.76,WH-SEOUL
OI0000501,O000647,P003,USB-Cハブ,周辺機器,Nexio,53.27,1,0.00,53.27,WH-DAEJEON
OI0000502,O000652,P009,スマートデスクライト,オフィス用品,LumaWorks,75.04,1,0.10,67.54,WH-SEOUL
OI0000503,O000322,P010,Bluetoothスピーカー,オーディオ,SonicArc,94.18,1,0.10,84.76,WH-BUSAN
OI0000504,O000497,P009,スマートデスクライト,オフィス用品,LumaWorks,67.54,2,0.00,135.08,WH-DAEJEON
OI0000505,O000154,P018,電子書籍リーダー,コンピューター,PageFlow,146.82,1,0.00,146.82,WH-DAEJEON
OI0000506,O000316,P007,高画質ウェブカメラ,周辺機器,VisionGo,102.25,1,0.00,102.25,WH-SEOUL
OI0000507,O000072,P005,ノートPCスタンド,オフィス用品,ErgoLab,44.72,1,0.00,44.72,WH-SEOUL
OI0000508,O000155,P017,4Kアクションカメラ,カメラ,VisionGo,330.25,1,0.00,330.25,WH-SEOUL
OI0000509,O000212,P015,65W急速充電器,周辺機器,VoltEdge,36.06,3,0.05,102.77,WH-SEOUL
OI0000510,O000078,P016,メッシュWi-Fiルーター,ネットワーク,LinkSphere,216.24,2,0.00,432.48,WH-SEOUL
OI0000511,O000695,P011,エルゴノミクスチェア,オフィス用品,ErgoLab,394.84,2,0.00,789.68,WH-DAEJEON
OI0000512,O000624,P008,ポータブルSSD 1TB,ストレージ,DataNest,139.33,1,0.15,118.43,WH-DAEJEON
OI0000513,O000674,P017,4Kアクションカメラ,カメラ,VisionGo,348.94,2,0.05,662.99,WH-BUSAN
OI0000514,O000642,P014,フィットネスウォッチ,ウェアラブル,PulseOn,173.03,1,0.00,173.03,WH-DAEJEON
OI0000515,O000119,P013,14インチ軽量ノートPC,コンピューター,NovaTech,1187.51,2,0.00,2375.02,WH-SEOUL
OI0000516,O000342,P011,エルゴノミクスチェア,オフィス用品,ErgoLab,426.66,1,0.05,405.33,WH-SEOUL
OI0000517,O000407,P017,4Kアクションカメラ,カメラ,VisionGo,305.41,1,0.05,290.14,WH-BUSAN
OI0000518,O000701,P009,スマートデスクライト,オフィス用品,LumaWorks,76.16,1,0.00,76.16,WH-SEOUL
OI0000519,O000675,P005,ノートPCスタンド,オフィス用品,ErgoLab,47.28,1,0.00,47.28,WH-SEOUL
OI0000520,O000254,P012,11インチタブレット,コンピューター,NovaTech,645.73,1,0.05,613.44,WH-BUSAN
OI0000521,O000207,P016,メッシュWi-Fiルーター,ネットワーク,LinkSphere,228.93,1,0.15,194.59,WH-DAEJEON
OI0000522,O000647,P018,電子書籍リーダー,コンピューター,PageFlow,156.27,1,0.00,156.27,WH-SEOUL
OI0000523,O000388,P012,11インチタブレット,コンピューター,NovaTech,614.35,2,0.00,1228.70,WH-DAEJEON
OI0000524,O000235,P015,65W急速充電器,周辺機器,VoltEdge,37.15,2,0.00,74.30,WH-INCHEON
OI0000525,O000457,P003,USB-Cハブ,周辺機器,Nexio,57.92,2,0.00,115.84,WH-DAEJEON
OI0000526,O000131,P013,14インチ軽量ノートPC,コンピューター,NovaTech,1276.72,1,0.10,1149.05,WH-BUSAN
OI0000527,O000520,P010,Bluetoothスピーカー,オーディオ,SonicArc,97.26,3,0.15,248.01,WH-DAEJEON
OI0000528,O000306,P015,65W急速充電器,周辺機器,VoltEdge,37.11,1,0.00,37.11,WH-INCHEON
OI0000529,O000568,P005,ノートPCスタンド,オフィス用品,ErgoLab,43.53,1,0.00,43.53,WH-DAEJEON
OI0000530,O000337,P018,電子書籍リーダー,コンピューター,PageFlow,141.03,1,0.00,141.03,WH-SEOUL
OI0000531,O000034,P018,電子書籍リーダー,コンピューター,PageFlow,148.45,1,0.00,148.45,WH-SEOUL
OI0000532,O000716,P009,スマートデスクライト,オフィス用品,LumaWorks,69.17,4,0.05,262.85,WH-SEOUL
OI0000533,O000168,P017,4Kアクションカメラ,カメラ,VisionGo,320.12,1,0.00,320.12,WH-SEOUL
OI0000534,O000612,P014,フィットネスウォッチ,ウェアラブル,PulseOn,173.60,1,0.10,156.24,WH-INCHEON
OI0000535,O000441,P011,エルゴノミクスチェア,オフィス用品,ErgoLab,408.50,1,0.00,408.50,WH-BUSAN
OI0000536,O000184,P008,ポータブルSSD 1TB,ストレージ,DataNest,143.94,1,0.00,143.94,WH-SEOUL
OI0000537,O000636,P008,ポータブルSSD 1TB,ストレージ,DataNest,146.10,3,0.05,416.38,WH-SEOUL
OI0000538,O000492,P003,USB-Cハブ,周辺機器,Nexio,54.69,1,0.00,54.69,WH-INCHEON
OI0000539,O000297,P018,電子書籍リーダー,コンピューター,PageFlow,143.44,1,0.00,143.44,WH-SEOUL
OI0000540,O000205,P018,電子書籍リーダー,コンピューター,PageFlow,142.47,1,0.15,121.10,WH-SEOUL
OI0000541,O000407,P009,スマートデスクライト,オフィス用品,LumaWorks,68.27,1,0.00,68.27,WH-BUSAN
OI0000542,O000615,P003,USB-Cハブ,周辺機器,Nexio,55.25,1,0.00,55.25,WH-DAEJEON
OI0000543,O000616,P008,ポータブルSSD 1TB,ストレージ,DataNest,148.88,1,0.05,141.44,WH-SEOUL
OI0000544,O000401,P005,ノートPCスタンド,オフィス用品,ErgoLab,50.38,1,0.00,50.38,WH-SEOUL
OI0000545,O000197,P011,エルゴノミクスチェア,オフィス用品,ErgoLab,420.51,1,0.00,420.51,WH-INCHEON
OI0000546,O000437,P006,ノイズキャンセリングヘッドホン,オーディオ,SonicArc,216.69,1,0.00,216.69,WH-SEOUL
OI0000547,O000588,P009,スマートデスクライト,オフィス用品,LumaWorks,73.82,1,0.05,70.13,WH-DAEJEON
OI0000548,O000381,P015,65W急速充電器,周辺機器,VoltEdge,39.05,3,0.05,111.29,WH-DAEJEON
OI0000549,O000565,P003,USB-Cハブ,周辺機器,Nexio,58.63,1,0.05,55.70,WH-SEOUL
OI0000550,O000177,P005,ノートPCスタンド,オフィス用品,ErgoLab,47.66,2,0.05,90.55,WH-SEOUL
OI0000551,O000592,P016,メッシュWi-Fiルーター,ネットワーク,LinkSphere,231.76,1,0.00,231.76,WH-DAEJEON
OI0000552,O000446,P002,メカニカルキーボード,周辺機器,KeyForge,95.53,2,0.00,191.06,WH-BUSAN
OI0000553,O000214,P007,高画質ウェブカメラ,周辺機器,VisionGo,115.86,1,0.00,115.86,WH-SEOUL
OI0000554,O000504,P002,メカニカルキーボード,周辺機器,KeyForge,91.25,2,0.05,173.38,WH-BUSAN
OI0000555,O000166,P013,14インチ軽量ノートPC,コンピューター,NovaTech,1131.84,2,0.10,2037.31,WH-BUSAN
OI0000556,O000359,P017,4Kアクションカメラ,カメラ,VisionGo,311.68,1,0.00,311.68,WH-BUSAN
OI0000557,O000211,P013,14インチ軽量ノートPC,コンピューター,NovaTech,1122.27,1,0.05,1066.16,WH-SEOUL
OI0000558,O000030,P014,フィットネスウォッチ,ウェアラブル,PulseOn,189.62,2,0.00,379.24,WH-SEOUL
OI0000559,O000559,P017,4Kアクションカメラ,カメラ,VisionGo,317.59,3,0.00,952.77,WH-SEOUL
OI0000560,O000241,P010,Bluetoothスピーカー,オーディオ,SonicArc,91.67,2,0.00,183.34,WH-BUSAN
OI0000561,O000256,P018,電子書籍リーダー,コンピューター,PageFlow,153.44,1,0.00,153.44,WH-SEOUL
OI0000562,O000046,P005,ノートPCスタンド,オフィス用品,ErgoLab,49.10,1,0.00,49.10,WH-SEOUL
OI0000563,O000447,P012,11インチタブレット,コンピューター,NovaTech,626.36,1,0.00,626.36,WH-SEOUL
OI0000564,O000714,P017,4Kアクションカメラ,カメラ,VisionGo,304.21,1,0.00,304.21,WH-SEOUL
OI0000565,O000444,P001,ワイヤレスマウス,周辺機器,Nexio,29.69,1,0.00,29.69,WH-INCHEON
OI0000566,O000304,P018,電子書籍リーダー,コンピューター,PageFlow,149.61,1,0.10,134.65,WH-SEOUL
OI0000567,O000290,P004,27インチモニター,ディスプレイ,ViewPeak,296.84,1,0.00,296.84,WH-SEOUL
OI0000568,O000591,P004,27インチモニター,ディスプレイ,ViewPeak,286.96,1,0.00,286.96,WH-SEOUL
OI0000569,O000450,P017,4Kアクションカメラ,カメラ,VisionGo,318.58,1,0.00,318.58,WH-SEOUL
OI0000570,O000040,P007,高画質ウェブカメラ,周辺機器,VisionGo,108.29,1,0.00,108.29,WH-DAEJEON
OI0000571,O000594,P014,フィットネスウォッチ,ウェアラブル,PulseOn,169.92,1,0.00,169.92,WH-DAEJEON
OI0000572,O000217,P007,高画質ウェブカメラ,周辺機器,VisionGo,117.29,1,0.00,117.29,WH-SEOUL
OI0000573,O000448,P016,メッシュWi-Fiルーター,ネットワーク,LinkSphere,222.03,1,0.00,222.03,WH-SEOUL
OI0000574,O000152,P012,11インチタブレット,コンピューター,NovaTech,640.95,1,0.10,576.86,WH-SEOUL
OI0000575,O000029,P001,ワイヤレスマウス,周辺機器,Nexio,29.95,1,0.20,23.96,WH-BUSAN
OI0000576,O000125,P012,11インチタブレット,コンピューター,NovaTech,642.14,3,0.00,1926.42,WH-SEOUL
OI0000577,O000397,P014,フィットネスウォッチ,ウェアラブル,PulseOn,191.78,3,0.00,575.34,WH-BUSAN
OI0000578,O000223,P008,ポータブルSSD 1TB,ストレージ,DataNest,140.92,1,0.00,140.92,WH-SEOUL
OI0000579,O000229,P009,スマートデスクライト,オフィス用品,LumaWorks,71.16,1,0.00,71.16,WH-SEOUL
OI0000580,O000341,P009,スマートデスクライト,オフィス用品,LumaWorks,77.36,3,0.00,232.08,WH-BUSAN
OI0000581,O000600,P007,高画質ウェブカメラ,周辺機器,VisionGo,115.90,1,0.10,104.31,WH-SEOUL
OI0000582,O000365,P007,高画質ウェブカメラ,周辺機器,VisionGo,107.95,2,0.05,205.10,WH-BUSAN
OI0000583,O000206,P017,4Kアクションカメラ,カメラ,VisionGo,347.86,1,0.00,347.86,WH-INCHEON
OI0000584,O000533,P014,フィットネスウォッチ,ウェアラブル,PulseOn,186.41,1,0.20,149.13,WH-INCHEON
OI0000585,O000488,P017,4Kアクションカメラ,カメラ,VisionGo,327.65,2,0.00,655.30,WH-SEOUL
OI0000586,O000469,P017,4Kアクションカメラ,カメラ,VisionGo,354.91,2,0.00,709.82,WH-BUSAN
OI0000587,O000590,P014,フィットネスウォッチ,ウェアラブル,PulseOn,165.84,1,0.05,157.55,WH-DAEJEON
OI0000588,O000387,P006,ノイズキャンセリングヘッドホン,オーディオ,SonicArc,230.62,1,0.00,230.62,WH-SEOUL
OI0000589,O000004,P015,65W急速充電器,周辺機器,VoltEdge,36.23,1,0.05,34.42,WH-INCHEON
OI0000590,O000345,P004,27インチモニター,ディスプレイ,ViewPeak,279.48,2,0.00,558.96,WH-SEOUL
OI0000591,O000161,P012,11インチタブレット,コンピューター,NovaTech,668.62,1,0.10,601.76,WH-SEOUL
OI0000592,O000428,P012,11インチタブレット,コンピューター,NovaTech,618.32,1,0.00,618.32,WH-SEOUL
OI0000593,O000550,P007,高画質ウェブカメラ,周辺機器,VisionGo,105.55,3,0.00,316.65,WH-DAEJEON
OI0000594,O000626,P002,メカニカルキーボード,周辺機器,KeyForge,83.35,2,0.00,166.70,WH-SEOUL
OI0000595,O000300,P014,フィットネスウォッチ,ウェアラブル,PulseOn,167.50,1,0.00,167.50,WH-SEOUL
OI0000596,O000144,P013,14インチ軽量ノートPC,コンピューター,NovaTech,1210.94,1,0.10,1089.85,WH-SEOUL
OI0000597,O000198,P016,メッシュWi-Fiルーター,ネットワーク,LinkSphere,240.20,1,0.00,240.20,WH-DAEJEON
OI0000598,O000517,P010,Bluetoothスピーカー,オーディオ,SonicArc,88.11,4,0.00,352.44,WH-BUSAN
OI0000599,O000435,P018,電子書籍リーダー,コンピューター,PageFlow,141.84,2,0.05,269.50,WH-BUSAN
OI0000600,O000053,P013,14インチ軽量ノートPC,コンピューター,NovaTech,1177.66,1,0.00,1177.66,WH-BUSAN
OI0000601,O000614,P018,電子書籍リーダー,コンピューター,PageFlow,152.06,1,0.00,152.06,WH-SEOUL
OI0000602,O000229,P006,ノイズキャンセリングヘッドホン,オーディオ,SonicArc,234.95,2,0.00,469.90,WH-SEOUL
OI0000603,O000665,P007,高画質ウェブカメラ,周辺機器,VisionGo,110.72,1,0.10,99.65,WH-SEOUL
OI0000604,O000153,P010,Bluetoothスピーカー,オーディオ,SonicArc,96.72,2,0.20,154.75,WH-DAEJEON
OI0000605,O000209,P012,11インチタブレット,コンピューター,NovaTech,631.68,2,0.00,1263.36,WH-SEOUL
OI0000606,O000569,P018,電子書籍リーダー,コンピューター,PageFlow,151.76,1,0.05,144.17,WH-INCHEON
OI0000607,O000054,P010,Bluetoothスピーカー,オーディオ,SonicArc,101.73,2,0.05,193.29,WH-INCHEON
OI0000608,O000481,P013,14インチ軽量ノートPC,コンピューター,NovaTech,1196.33,1,0.00,1196.33,WH-BUSAN
OI0000609,O000123,P009,スマートデスクライト,オフィス用品,LumaWorks,68.85,1,0.00,68.85,WH-SEOUL
OI0000610,O000076,P004,27インチモニター,ディスプレイ,ViewPeak,269.75,1,0.10,242.78,WH-SEOUL
OI0000611,O000560,P017,4Kアクションカメラ,カメラ,VisionGo,307.64,1,0.00,307.64,WH-DAEJEON
OI0000612,O000679,P011,エルゴノミクスチェア,オフィス用品,ErgoLab,377.95,2,0.00,755.90,WH-SEOUL
OI0000613,O000337,P003,USB-Cハブ,周辺機器,Nexio,50.84,1,0.00,50.84,WH-INCHEON
OI0000614,O000673,P018,電子書籍リーダー,コンピューター,PageFlow,154.97,2,0.00,309.94,WH-SEOUL
OI0000615,O000043,P014,フィットネスウォッチ,ウェアラブル,PulseOn,181.53,1,0.00,181.53,WH-INCHEON
OI0000616,O000253,P010,Bluetoothスピーカー,オーディオ,SonicArc,88.59,2,0.05,168.32,WH-SEOUL
OI0000617,O000114,P001,ワイヤレスマウス,周辺機器,Nexio,31.59,1,0.00,31.59,WH-SEOUL
OI0000618,O000552,P018,電子書籍リーダー,コンピューター,PageFlow,154.10,1,0.00,154.10,WH-DAEJEON
OI0000619,O000038,P009,スマートデスクライト,オフィス用品,LumaWorks,67.81,4,0.05,257.68,WH-BUSAN
OI0000620,O000112,P014,フィットネスウォッチ,ウェアラブル,PulseOn,182.95,1,0.15,155.51,WH-BUSAN
OI0000621,O000479,P014,フィットネスウォッチ,ウェアラブル,PulseOn,186.90,1,0.00,186.90,WH-SEOUL
OI0000622,O000098,P012,11インチタブレット,コンピューター,NovaTech,599.82,1,0.20,479.86,WH-SEOUL
OI0000623,O000165,P012,11インチタブレット,コンピューター,NovaTech,617.50,3,0.10,1667.25,WH-DAEJEON
OI0000624,O000564,P006,ノイズキャンセリングヘッドホン,オーディオ,SonicArc,216.21,1,0.15,183.78,WH-SEOUL
OI0000625,O000102,P009,スマートデスクライト,オフィス用品,LumaWorks,66.59,2,0.05,126.52,WH-SEOUL
OI0000626,O000062,P012,11インチタブレット,コンピューター,NovaTech,699.32,4,0.05,2657.42,WH-SEOUL
OI0000627,O000003,P017,4Kアクションカメラ,カメラ,VisionGo,333.31,1,0.00,333.31,WH-SEOUL
OI0000628,O000209,P003,USB-Cハブ,周辺機器,Nexio,55.84,3,0.00,167.52,WH-DAEJEON
OI0000629,O000395,P013,14インチ軽量ノートPC,コンピューター,NovaTech,1198.77,1,0.05,1138.83,WH-SEOUL
OI0000630,O000128,P014,フィットネスウォッチ,ウェアラブル,PulseOn,177.03,1,0.00,177.03,WH-BUSAN
OI0000631,O000456,P013,14インチ軽量ノートPC,コンピューター,NovaTech,1193.27,2,0.05,2267.21,WH-BUSAN
OI0000632,O000030,P005,ノートPCスタンド,オフィス用品,ErgoLab,44.87,2,0.00,89.74,WH-INCHEON
OI0000633,O000069,P012,11インチタブレット,コンピューター,NovaTech,628.06,1,0.00,628.06,WH-SEOUL
OI0000634,O000598,P009,スマートデスクライト,オフィス用品,LumaWorks,75.17,1,0.00,75.17,WH-DAEJEON
OI0000635,O000167,P016,メッシュWi-Fiルーター,ネットワーク,LinkSphere,214.72,3,0.00,644.16,WH-INCHEON
OI0000636,O000079,P005,ノートPCスタンド,オフィス用品,ErgoLab,47.61,2,0.00,95.22,WH-DAEJEON
OI0000637,O000461,P010,Bluetoothスピーカー,オーディオ,SonicArc,102.26,1,0.00,102.26,WH-DAEJEON
OI0000638,O000490,P014,フィットネスウォッチ,ウェアラブル,PulseOn,169.96,2,0.00,339.92,WH-SEOUL
OI0000639,O000516,P005,ノートPCスタンド,オフィス用品,ErgoLab,44.30,2,0.00,88.60,WH-BUSAN
OI0000640,O000399,P001,ワイヤレスマウス,周辺機器,Nexio,31.42,1,0.00,31.42,WH-SEOUL
OI0000641,O000390,P008,ポータブルSSD 1TB,ストレージ,DataNest,147.40,1,0.10,132.66,WH-SEOUL
OI0000642,O000376,P002,メカニカルキーボード,周辺機器,KeyForge,86.39,1,0.00,86.39,WH-BUSAN
OI0000643,O000391,P001,ワイヤレスマウス,周辺機器,Nexio,31.80,1,0.05,30.21,WH-SEOUL
OI0000644,O000082,P018,電子書籍リーダー,コンピューター,PageFlow,138.03,1,0.00,138.03,WH-SEOUL
OI0000645,O000307,P002,メカニカルキーボード,周辺機器,KeyForge,88.94,2,0.05,168.99,WH-BUSAN
OI0000646,O000083,P002,メカニカルキーボード,周辺機器,KeyForge,83.03,1,0.00,83.03,WH-SEOUL
OI0000647,O000651,P007,高画質ウェブカメラ,周辺機器,VisionGo,116.54,2,0.00,233.08,WH-SEOUL
OI0000648,O000514,P006,ノイズキャンセリングヘッドホン,オーディオ,SonicArc,219.60,1,0.10,197.64,WH-DAEJEON
OI0000649,O000356,P014,フィットネスウォッチ,ウェアラブル,PulseOn,172.82,1,0.00,172.82,WH-BUSAN
OI0000650,O000034,P009,スマートデスクライト,オフィス用品,LumaWorks,67.58,1,0.00,67.58,WH-SEOUL
OI0000651,O000101,P004,27インチモニター,ディスプレイ,ViewPeak,302.07,1,0.00,302.07,WH-SEOUL
OI0000652,O000085,P002,メカニカルキーボード,周辺機器,KeyForge,84.37,3,0.05,240.45,WH-BUSAN
OI0000653,O000246,P009,スマートデスクライト,オフィス用品,LumaWorks,69.75,2,0.00,139.50,WH-SEOUL
OI0000654,O000047,P001,ワイヤレスマウス,周辺機器,Nexio,29.75,2,0.00,59.50,WH-SEOUL
OI0000655,O000093,P004,27インチモニター,ディスプレイ,ViewPeak,301.77,1,0.00,301.77,WH-BUSAN
OI0000656,O000240,P006,ノイズキャンセリングヘッドホン,オーディオ,SonicArc,220.70,2,0.00,441.40,WH-SEOUL
OI0000657,O000555,P018,電子書籍リーダー,コンピューター,PageFlow,153.70,1,0.10,138.33,WH-SEOUL
OI0000658,O000076,P011,エルゴノミクスチェア,オフィス用品,ErgoLab,424.26,3,0.00,1272.78,WH-SEOUL
OI0000659,O000137,P006,ノイズキャンセリングヘッドホン,オーディオ,SonicArc,235.00,1,0.00,235.00,WH-BUSAN
OI0000660,O000128,P018,電子書籍リーダー,コンピューター,PageFlow,137.83,1,0.15,117.16,WH-DAEJEON
OI0000661,O000575,P012,11インチタブレット,コンピューター,NovaTech,623.19,1,0.00,623.19,WH-SEOUL
OI0000662,O000014,P018,電子書籍リーダー,コンピューター,PageFlow,153.17,1,0.00,153.17,WH-INCHEON
OI0000663,O000272,P008,ポータブルSSD 1TB,ストレージ,DataNest,147.39,1,0.00,147.39,WH-BUSAN
OI0000664,O000482,P006,ノイズキャンセリングヘッドホン,オーディオ,SonicArc,228.02,2,0.05,433.24,WH-SEOUL
OI0000665,O000523,P006,ノイズキャンセリングヘッドホン,オーディオ,SonicArc,226.14,1,0.00,226.14,WH-DAEJEON
OI0000666,O000125,P009,スマートデスクライト,オフィス用品,LumaWorks,77.09,1,0.00,77.09,WH-DAEJEON
OI0000667,O000053,P006,ノイズキャンセリングヘッドホン,オーディオ,SonicArc,204.19,1,0.05,193.98,WH-BUSAN
OI0000668,O000058,P011,エルゴノミクスチェア,オフィス用品,ErgoLab,426.87,3,0.05,1216.58,WH-DAEJEON
OI0000669,O000249,P013,14インチ軽量ノートPC,コンピューター,NovaTech,1237.00,1,0.00,1237.00,WH-DAEJEON
OI0000670,O000659,P017,4Kアクションカメラ,カメラ,VisionGo,345.36,2,0.00,690.72,WH-SEOUL
OI0000671,O000697,P006,ノイズキャンセリングヘッドホン,オーディオ,SonicArc,227.95,2,0.10,410.31,WH-BUSAN
OI0000672,O000594,P002,メカニカルキーボード,周辺機器,KeyForge,91.99,3,0.10,248.37,WH-SEOUL
OI0000673,O000526,P004,27インチモニター,ディスプレイ,ViewPeak,277.35,2,0.00,554.70,WH-DAEJEON
OI0000674,O000618,P008,ポータブルSSD 1TB,ストレージ,DataNest,131.72,1,0.00,131.72,WH-DAEJEON
OI0000675,O000282,P014,フィットネスウォッチ,ウェアラブル,PulseOn,173.92,1,0.10,156.53,WH-DAEJEON
OI0000676,O000591,P006,ノイズキャンセリングヘッドホン,オーディオ,SonicArc,236.06,4,0.20,755.39,WH-DAEJEON
OI0000677,O000657,P002,メカニカルキーボード,周辺機器,KeyForge,94.08,1,0.00,94.08,WH-DAEJEON
OI0000678,O000427,P016,メッシュWi-Fiルーター,ネットワーク,LinkSphere,219.56,1,0.20,175.65,WH-SEOUL
OI0000679,O000097,P003,USB-Cハブ,周辺機器,Nexio,56.81,1,0.10,51.13,WH-DAEJEON
OI0000680,O000630,P009,スマートデスクライト,オフィス用品,LumaWorks,73.69,1,0.15,62.64,WH-SEOUL
OI0000681,O000622,P013,14インチ軽量ノートPC,コンピューター,NovaTech,1217.00,1,0.00,1217.00,WH-SEOUL
OI0000682,O000012,P014,フィットネスウォッチ,ウェアラブル,PulseOn,179.95,1,0.00,179.95,WH-BUSAN
OI0000683,O000055,P008,ポータブルSSD 1TB,ストレージ,DataNest,147.18,4,0.00,588.72,WH-SEOUL
OI0000684,O000597,P008,ポータブルSSD 1TB,ストレージ,DataNest,134.81,1,0.05,128.07,WH-DAEJEON
OI0000685,O000426,P009,スマートデスクライト,オフィス用品,LumaWorks,71.85,2,0.10,129.33,WH-SEOUL
OI0000686,O000698,P007,高画質ウェブカメラ,周辺機器,VisionGo,110.19,1,0.00,110.19,WH-SEOUL
OI0000687,O000503,P017,4Kアクションカメラ,カメラ,VisionGo,339.08,1,0.10,305.17,WH-SEOUL
OI0000688,O000278,P005,ノートPCスタンド,オフィス用品,ErgoLab,48.77,2,0.05,92.66,WH-DAEJEON
OI0000689,O000106,P010,Bluetoothスピーカー,オーディオ,SonicArc,96.97,1,0.00,96.97,WH-SEOUL
OI0000690,O000678,P004,27インチモニター,ディスプレイ,ViewPeak,275.48,1,0.00,275.48,WH-BUSAN
OI0000691,O000648,P015,65W急速充電器,周辺機器,VoltEdge,41.57,1,0.00,41.57,WH-SEOUL
OI0000692,O000037,P008,ポータブルSSD 1TB,ストレージ,DataNest,128.57,1,0.00,128.57,WH-DAEJEON
OI0000693,O000711,P003,USB-Cハブ,周辺機器,Nexio,57.66,1,0.05,54.78,WH-SEOUL
OI0000694,O000096,P016,メッシュWi-Fiルーター,ネットワーク,LinkSphere,228.97,2,0.10,412.15,WH-BUSAN
OI0000695,O000563,P008,ポータブルSSD 1TB,ストレージ,DataNest,128.23,1,0.10,115.41,WH-DAEJEON
OI0000696,O000685,P018,電子書籍リーダー,コンピューター,PageFlow,147.24,1,0.00,147.24,WH-BUSAN
OI0000697,O000690,P013,14インチ軽量ノートPC,コンピューター,NovaTech,1207.25,2,0.15,2052.32,WH-DAEJEON
OI0000698,O000201,P003,USB-Cハブ,周辺機器,Nexio,55.29,1,0.00,55.29,WH-DAEJEON
OI0000699,O000295,P018,電子書籍リーダー,コンピューター,PageFlow,142.66,2,0.00,285.32,WH-INCHEON
OI0000700,O000602,P005,ノートPCスタンド,オフィス用品,ErgoLab,47.16,1,0.00,47.16,WH-SEOUL
OI0000701,O000150,P002,メカニカルキーボード,周辺機器,KeyForge,93.89,2,0.15,159.61,WH-SEOUL
OI0000702,O000109,P014,フィットネスウォッチ,ウェアラブル,PulseOn,192.62,2,0.00,385.24,WH-DAEJEON
OI0000703,O000684,P001,ワイヤレスマウス,周辺機器,Nexio,30.65,1,0.00,30.65,WH-SEOUL
OI0000704,O000113,P003,USB-Cハブ,周辺機器,Nexio,57.60,1,0.00,57.60,WH-DAEJEON
OI0000705,O000010,P002,メカニカルキーボード,周辺機器,KeyForge,90.40,1,0.00,90.40,WH-BUSAN
OI0000706,O000110,P006,ノイズキャンセリングヘッドホン,オーディオ,SonicArc,232.52,1,0.00,232.52,WH-DAEJEON
OI0000707,O000007,P004,27インチモニター,ディスプレイ,ViewPeak,293.77,3,0.00,881.31,WH-SEOUL
OI0000708,O000685,P005,ノートPCスタンド,オフィス用品,ErgoLab,49.11,1,0.10,44.20,WH-SEOUL
OI0000709,O000629,P007,高画質ウェブカメラ,周辺機器,VisionGo,114.17,1,0.15,97.04,WH-SEOUL
OI0000710,O000393,P004,27インチモニター,ディスプレイ,ViewPeak,293.30,1,0.05,278.63,WH-SEOUL
OI0000711,O000412,P002,メカニカルキーボード,周辺機器,KeyForge,86.93,1,0.05,82.58,WH-BUSAN
OI0000712,O000264,P008,ポータブルSSD 1TB,ストレージ,DataNest,146.43,1,0.00,146.43,WH-BUSAN
OI0000713,O000022,P005,ノートPCスタンド,オフィス用品,ErgoLab,50.35,1,0.00,50.35,WH-DAEJEON
OI0000714,O000219,P012,11インチタブレット,コンピューター,NovaTech,607.71,1,0.00,607.71,WH-SEOUL
OI0000715,O000627,P013,14インチ軽量ノートPC,コンピューター,NovaTech,1205.09,1,0.00,1205.09,WH-BUSAN
OI0000716,O000163,P008,ポータブルSSD 1TB,ストレージ,DataNest,133.20,2,0.05,253.08,WH-SEOUL
OI0000717,O000303,P014,フィットネスウォッチ,ウェアラブル,PulseOn,177.51,1,0.10,159.76,WH-SEOUL
OI0000718,O000449,P007,高画質ウェブカメラ,周辺機器,VisionGo,110.06,2,0.00,220.12,WH-DAEJEON
OI0000719,O000571,P005,ノートPCスタンド,オフィス用品,ErgoLab,49.85,1,0.05,47.36,WH-SEOUL
OI0000720,O000070,P016,メッシュWi-Fiルーター,ネットワーク,LinkSphere,240.87,1,0.00,240.87,WH-SEOUL
OI0000721,O000615,P007,高画質ウェブカメラ,周辺機器,VisionGo,108.44,2,0.00,216.88,WH-DAEJEON
OI0000722,O000475,P001,ワイヤレスマウス,周辺機器,Nexio,32.25,2,0.00,64.50,WH-SEOUL
OI0000723,O000059,P011,エルゴノミクスチェア,オフィス用品,ErgoLab,412.72,3,0.00,1238.16,WH-BUSAN
OI0000724,O000258,P014,フィットネスウォッチ,ウェアラブル,PulseOn,190.49,3,0.00,571.47,WH-BUSAN
OI0000725,O000493,P011,エルゴノミクスチェア,オフィス用品,ErgoLab,386.97,2,0.00,773.94,WH-INCHEON
OI0000726,O000144,P004,27インチモニター,ディスプレイ,ViewPeak,301.57,1,0.00,301.57,WH-BUSAN
OI0000727,O000358,P013,14インチ軽量ノートPC,コンピューター,NovaTech,1240.93,1,0.00,1240.93,WH-INCHEON
OI0000728,O000314,P012,11インチタブレット,コンピューター,NovaTech,644.84,1,0.05,612.60,WH-DAEJEON
OI0000729,O000504,P001,ワイヤレスマウス,周辺機器,Nexio,31.74,2,0.00,63.48,WH-SEOUL
OI0000730,O000305,P015,65W急速充電器,周辺機器,VoltEdge,39.41,1,0.15,33.50,WH-DAEJEON
OI0000731,O000423,P009,スマートデスクライト,オフィス用品,LumaWorks,68.79,3,0.00,206.37,WH-SEOUL
OI0000732,O000484,P005,ノートPCスタンド,オフィス用品,ErgoLab,43.99,1,0.05,41.79,WH-SEOUL
OI0000733,O000420,P003,USB-Cハブ,周辺機器,Nexio,52.93,2,0.05,100.57,WH-INCHEON
OI0000734,O000531,P010,Bluetoothスピーカー,オーディオ,SonicArc,97.12,1,0.05,92.26,WH-DAEJEON
OI0000735,O000617,P005,ノートPCスタンド,オフィス用品,ErgoLab,49.79,2,0.05,94.60,WH-SEOUL
OI0000736,O000414,P005,ノートPCスタンド,オフィス用品,ErgoLab,46.91,1,0.00,46.91,WH-SEOUL
OI0000737,O000330,P011,エルゴノミクスチェア,オフィス用品,ErgoLab,383.75,1,0.00,383.75,WH-SEOUL
OI0000738,O000289,P018,電子書籍リーダー,コンピューター,PageFlow,138.72,1,0.00,138.72,WH-BUSAN
OI0000739,O000338,P002,メカニカルキーボード,周辺機器,KeyForge,91.21,2,0.00,182.42,WH-BUSAN
OI0000740,O000430,P016,メッシュWi-Fiルーター,ネットワーク,LinkSphere,219.34,1,0.00,219.34,WH-INCHEON
OI0000741,O000042,P011,エルゴノミクスチェア,オフィス用品,ErgoLab,420.95,4,0.00,1683.80,WH-SEOUL
OI0000742,O000375,P006,ノイズキャンセリングヘッドホン,オーディオ,SonicArc,230.15,1,0.20,184.12,WH-DAEJEON
OI0000743,O000028,P009,スマートデスクライト,オフィス用品,LumaWorks,73.88,1,0.15,62.80,WH-BUSAN
OI0000744,O000513,P006,ノイズキャンセリングヘッドホン,オーディオ,SonicArc,213.94,1,0.10,192.55,WH-SEOUL
OI0000745,O000641,P003,USB-Cハブ,周辺機器,Nexio,55.54,2,0.00,111.08,WH-BUSAN
OI0000746,O000234,P011,エルゴノミクスチェア,オフィス用品,ErgoLab,427.87,1,0.10,385.08,WH-BUSAN
OI0000747,O000164,P016,メッシュWi-Fiルーター,ネットワーク,LinkSphere,216.22,1,0.10,194.60,WH-INCHEON
OI0000748,O000339,P012,11インチタブレット,コンピューター,NovaTech,664.70,1,0.10,598.23,WH-DAEJEON
OI0000749,O000464,P007,高画質ウェブカメラ,周辺機器,VisionGo,109.18,1,0.10,98.26,WH-BUSAN
OI0000750,O000519,P009,スマートデスクライト,オフィス用品,LumaWorks,72.19,2,0.00,144.38,WH-SEOUL
OI0000751,O000091,P002,メカニカルキーボード,周辺機器,KeyForge,93.63,4,0.15,318.34,WH-BUSAN
OI0000752,O000007,P018,電子書籍リーダー,コンピューター,PageFlow,143.52,3,0.00,430.56,WH-SEOUL
OI0000753,O000243,P009,スマートデスクライト,オフィス用品,LumaWorks,76.92,1,0.00,76.92,WH-SEOUL
OI0000754,O000694,P002,メカニカルキーボード,周辺機器,KeyForge,85.22,1,0.00,85.22,WH-DAEJEON
OI0000755,O000187,P006,ノイズキャンセリングヘッドホン,オーディオ,SonicArc,202.20,1,0.10,181.98,WH-SEOUL
OI0000756,O000192,P002,メカニカルキーボード,周辺機器,KeyForge,94.39,2,0.10,169.90,WH-SEOUL
OI0000757,O000237,P015,65W急速充電器,周辺機器,VoltEdge,36.79,1,0.00,36.79,WH-SEOUL
OI0000758,O000681,P003,USB-Cハブ,周辺機器,Nexio,56.50,1,0.00,56.50,WH-SEOUL
OI0000759,O000542,P009,スマートデスクライト,オフィス用品,LumaWorks,67.55,1,0.05,64.17,WH-SEOUL
OI0000760,O000698,P011,エルゴノミクスチェア,オフィス用品,ErgoLab,393.50,1,0.15,334.47,WH-DAEJEON
OI0000761,O000523,P017,4Kアクションカメラ,カメラ,VisionGo,327.17,1,0.00,327.17,WH-DAEJEON
OI0000762,O000625,P013,14インチ軽量ノートPC,コンピューター,NovaTech,1235.93,1,0.00,1235.93,WH-BUSAN
OI0000763,O000107,P016,メッシュWi-Fiルーター,ネットワーク,LinkSphere,245.80,1,0.10,221.22,WH-SEOUL
OI0000764,O000610,P015,65W急速充電器,周辺機器,VoltEdge,39.47,1,0.05,37.50,WH-SEOUL
OI0000765,O000200,P018,電子書籍リーダー,コンピューター,PageFlow,158.67,1,0.00,158.67,WH-BUSAN
OI0000766,O000224,P005,ノートPCスタンド,オフィス用品,ErgoLab,47.91,1,0.00,47.91,WH-SEOUL
OI0000767,O000253,P015,65W急速充電器,周辺機器,VoltEdge,38.72,1,0.00,38.72,WH-SEOUL
OI0000768,O000406,P015,65W急速充電器,周辺機器,VoltEdge,36.57,1,0.00,36.57,WH-INCHEON
OI0000769,O000536,P001,ワイヤレスマウス,周辺機器,Nexio,29.93,1,0.05,28.43,WH-SEOUL
OI0000770,O000505,P002,メカニカルキーボード,周辺機器,KeyForge,92.88,1,0.00,92.88,WH-SEOUL
OI0000771,O000546,P008,ポータブルSSD 1TB,ストレージ,DataNest,147.96,2,0.00,295.92,WH-DAEJEON
OI0000772,O000055,P012,11インチタブレット,コンピューター,NovaTech,668.62,3,0.00,2005.86,WH-SEOUL
OI0000773,O000684,P018,電子書籍リーダー,コンピューター,PageFlow,159.87,1,0.00,159.87,WH-INCHEON
OI0000774,O000382,P004,27インチモニター,ディスプレイ,ViewPeak,286.89,1,0.00,286.89,WH-INCHEON
OI0000775,O000509,P018,電子書籍リーダー,コンピューター,PageFlow,149.82,1,0.00,149.82,WH-SEOUL
OI0000776,O000249,P005,ノートPCスタンド,オフィス用品,ErgoLab,46.71,1,0.00,46.71,WH-DAEJEON
OI0000777,O000216,P001,ワイヤレスマウス,周辺機器,Nexio,32.23,1,0.00,32.23,WH-SEOUL
OI0000778,O000094,P005,ノートPCスタンド,オフィス用品,ErgoLab,49.49,1,0.10,44.54,WH-SEOUL
OI0000779,O000587,P013,14インチ軽量ノートPC,コンピューター,NovaTech,1116.77,1,0.15,949.25,WH-INCHEON
OI0000780,O000328,P002,メカニカルキーボード,周辺機器,KeyForge,95.88,1,0.00,95.88,WH-DAEJEON
OI0000781,O000241,P003,USB-Cハブ,周辺機器,Nexio,50.52,1,0.00,50.52,WH-BUSAN
OI0000782,O000512,P016,メッシュWi-Fiルーター,ネットワーク,LinkSphere,240.93,1,0.05,228.88,WH-SEOUL
OI0000783,O000489,P001,ワイヤレスマウス,周辺機器,Nexio,27.92,1,0.00,27.92,WH-SEOUL
OI0000784,O000583,P003,USB-Cハブ,周辺機器,Nexio,55.53,1,0.10,49.98,WH-SEOUL
OI0000785,O000480,P007,高画質ウェブカメラ,周辺機器,VisionGo,108.39,1,0.20,86.71,WH-SEOUL
OI0000786,O000048,P009,スマートデスクライト,オフィス用品,LumaWorks,66.71,1,0.00,66.71,WH-BUSAN
OI0000787,O000005,P001,ワイヤレスマウス,周辺機器,Nexio,32.22,3,0.00,96.66,WH-SEOUL
OI0000788,O000293,P010,Bluetoothスピーカー,オーディオ,SonicArc,100.77,3,0.00,302.31,WH-INCHEON
OI0000789,O000113,P004,27インチモニター,ディスプレイ,ViewPeak,270.37,3,0.05,770.55,WH-SEOUL
OI0000790,O000239,P011,エルゴノミクスチェア,オフィス用品,ErgoLab,423.13,1,0.00,423.13,WH-INCHEON
OI0000791,O000089,P013,14インチ軽量ノートPC,コンピューター,NovaTech,1186.48,1,0.00,1186.48,WH-INCHEON
OI0000792,O000423,P018,電子書籍リーダー,コンピューター,PageFlow,154.79,1,0.05,147.05,WH-BUSAN
OI0000793,O000543,P006,ノイズキャンセリングヘッドホン,オーディオ,SonicArc,233.38,1,0.10,210.04,WH-SEOUL
OI0000794,O000583,P002,メカニカルキーボード,周辺機器,KeyForge,93.44,1,0.00,93.44,WH-SEOUL
OI0000795,O000431,P005,ノートPCスタンド,オフィス用品,ErgoLab,43.65,1,0.20,34.92,WH-BUSAN
OI0000796,O000335,P007,高画質ウェブカメラ,周辺機器,VisionGo,110.96,2,0.05,210.82,WH-BUSAN
OI0000797,O000346,P004,27インチモニター,ディスプレイ,ViewPeak,273.63,2,0.00,547.26,WH-DAEJEON
OI0000798,O000127,P008,ポータブルSSD 1TB,ストレージ,DataNest,142.74,1,0.00,142.74,WH-SEOUL
OI0000799,O000713,P009,スマートデスクライト,オフィス用品,LumaWorks,75.74,1,0.05,71.95,WH-SEOUL
OI0000800,O000611,P008,ポータブルSSD 1TB,ストレージ,DataNest,130.71,1,0.00,130.71,WH-SEOUL
OI0000801,O000350,P005,ノートPCスタンド,オフィス用品,ErgoLab,45.69,1,0.00,45.69,WH-SEOUL
OI0000802,O000370,P018,電子書籍リーダー,コンピューター,PageFlow,158.26,2,0.05,300.69,WH-SEOUL
OI0000803,O000562,P009,スマートデスクライト,オフィス用品,LumaWorks,66.52,1,0.00,66.52,WH-SEOUL
OI0000804,O000666,P012,11インチタブレット,コンピューター,NovaTech,640.82,1,0.05,608.78,WH-BUSAN
OI0000805,O000239,P015,65W急速充電器,周辺機器,VoltEdge,39.23,2,0.00,78.46,WH-SEOUL
OI0000806,O000086,P013,14インチ軽量ノートPC,コンピューター,NovaTech,1129.58,1,0.00,1129.58,WH-INCHEON
OI0000807,O000513,P018,電子書籍リーダー,コンピューター,PageFlow,145.18,1,0.00,145.18,WH-SEOUL
OI0000808,O000535,P003,USB-Cハブ,周辺機器,Nexio,58.07,2,0.00,116.14,WH-BUSAN
OI0000809,O000291,P001,ワイヤレスマウス,周辺機器,Nexio,30.69,1,0.00,30.69,WH-BUSAN
OI0000810,O000364,P004,27インチモニター,ディスプレイ,ViewPeak,283.26,2,0.15,481.54,WH-DAEJEON
OI0000811,O000061,P014,フィットネスウォッチ,ウェアラブル,PulseOn,172.45,1,0.00,172.45,WH-BUSAN
OI0000812,O000623,P007,高画質ウェブカメラ,周辺機器,VisionGo,117.64,1,0.00,117.64,WH-SEOUL
OI0000813,O000108,P017,4Kアクションカメラ,カメラ,VisionGo,324.72,3,0.00,974.16,WH-BUSAN
OI0000814,O000661,P013,14インチ軽量ノートPC,コンピューター,NovaTech,1106.63,2,0.00,2213.26,WH-SEOUL
OI0000815,O000540,P017,4Kアクションカメラ,カメラ,VisionGo,335.64,2,0.00,671.28,WH-BUSAN
OI0000816,O000508,P015,65W急速充電器,周辺機器,VoltEdge,35.98,1,0.15,30.58,WH-SEOUL
OI0000817,O000581,P004,27インチモニター,ディスプレイ,ViewPeak,270.33,1,0.00,270.33,WH-SEOUL
OI0000818,O000273,P016,メッシュWi-Fiルーター,ネットワーク,LinkSphere,246.29,1,0.00,246.29,WH-INCHEON
OI0000819,O000352,P013,14インチ軽量ノートPC,コンピューター,NovaTech,1281.59,1,0.00,1281.59,WH-DAEJEON
OI0000820,O000719,P017,4Kアクションカメラ,カメラ,VisionGo,348.24,2,0.00,696.48,WH-INCHEON
OI0000821,O000657,P004,27インチモニター,ディスプレイ,ViewPeak,297.62,1,0.00,297.62,WH-BUSAN
OI0000822,O000313,P014,フィットネスウォッチ,ウェアラブル,PulseOn,185.08,1,0.05,175.83,WH-SEOUL
OI0000823,O000398,P008,ポータブルSSD 1TB,ストレージ,DataNest,136.31,1,0.00,136.31,WH-DAEJEON
OI0000824,O000299,P015,65W急速充電器,周辺機器,VoltEdge,41.95,1,0.10,37.76,WH-DAEJEON
OI0000825,O000292,P012,11インチタブレット,コンピューター,NovaTech,690.75,2,0.00,1381.50,WH-SEOUL
OI0000826,O000335,P005,ノートPCスタンド,オフィス用品,ErgoLab,43.66,1,0.00,43.66,WH-INCHEON
OI0000827,O000071,P006,ノイズキャンセリングヘッドホン,オーディオ,SonicArc,208.25,1,0.00,208.25,WH-DAEJEON
OI0000828,O000405,P010,Bluetoothスピーカー,オーディオ,SonicArc,87.73,1,0.05,83.34,WH-SEOUL
OI0000829,O000463,P010,Bluetoothスピーカー,オーディオ,SonicArc,89.79,1,0.20,71.83,WH-DAEJEON
OI0000830,O000417,P008,ポータブルSSD 1TB,ストレージ,DataNest,131.22,2,0.10,236.20,WH-BUSAN
OI0000831,O000174,P004,27インチモニター,ディスプレイ,ViewPeak,276.77,1,0.00,276.77,WH-SEOUL
OI0000832,O000616,P018,電子書籍リーダー,コンピューター,PageFlow,141.00,1,0.00,141.00,WH-BUSAN
OI0000833,O000204,P003,USB-Cハブ,周辺機器,Nexio,53.31,1,0.10,47.98,WH-SEOUL
OI0000834,O000579,P016,メッシュWi-Fiルーター,ネットワーク,LinkSphere,242.68,1,0.00,242.68,WH-BUSAN
OI0000835,O000695,P011,エルゴノミクスチェア,オフィス用品,ErgoLab,378.11,1,0.05,359.20,WH-SEOUL
OI0000836,O000267,P007,高画質ウェブカメラ,周辺機器,VisionGo,107.90,1,0.00,107.90,WH-BUSAN
OI0000837,O000308,P002,メカニカルキーボード,周辺機器,KeyForge,89.97,1,0.05,85.47,WH-SEOUL
OI0000838,O000635,P018,電子書籍リーダー,コンピューター,PageFlow,143.47,1,0.10,129.12,WH-SEOUL
OI0000839,O000129,P002,メカニカルキーボード,周辺機器,KeyForge,88.61,1,0.15,75.32,WH-DAEJEON
OI0000840,O000361,P006,ノイズキャンセリングヘッドホン,オーディオ,SonicArc,229.34,1,0.20,183.47,WH-SEOUL
OI0000841,O000497,P009,スマートデスクライト,オフィス用品,LumaWorks,73.36,1,0.00,73.36,WH-DAEJEON
OI0000842,O000182,P007,高画質ウェブカメラ,周辺機器,VisionGo,104.93,1,0.10,94.44,WH-BUSAN
OI0000843,O000210,P012,11インチタブレット,コンピューター,NovaTech,676.93,1,0.00,676.93,WH-DAEJEON
OI0000844,O000369,P004,27インチモニター,ディスプレイ,ViewPeak,300.82,1,0.00,300.82,WH-SEOUL
OI0000845,O000712,P008,ポータブルSSD 1TB,ストレージ,DataNest,138.94,1,0.00,138.94,WH-BUSAN
OI0000846,O000409,P012,11インチタブレット,コンピューター,NovaTech,659.38,1,0.05,626.41,WH-SEOUL
OI0000847,O000683,P011,エルゴノミクスチェア,オフィス用品,ErgoLab,400.23,1,0.00,400.23,WH-INCHEON
OI0000848,O000146,P002,メカニカルキーボード,周辺機器,KeyForge,91.24,1,0.10,82.12,WH-INCHEON
OI0000849,O000412,P010,Bluetoothスピーカー,オーディオ,SonicArc,92.98,2,0.10,167.36,WH-SEOUL
OI0000850,O000564,P015,65W急速充電器,周辺機器,VoltEdge,39.86,2,0.00,79.72,WH-BUSAN
OI0000851,O000158,P011,エルゴノミクスチェア,オフィス用品,ErgoLab,404.86,3,0.00,1214.58,WH-SEOUL
OI0000852,O000135,P003,USB-Cハブ,周辺機器,Nexio,51.12,1,0.00,51.12,WH-SEOUL
OI0000853,O000018,P010,Bluetoothスピーカー,オーディオ,SonicArc,101.61,1,0.15,86.37,WH-DAEJEON
OI0000854,O000117,P015,65W急速充電器,周辺機器,VoltEdge,36.25,1,0.00,36.25,WH-SEOUL
OI0000855,O000702,P003,USB-Cハブ,周辺機器,Nexio,57.50,4,0.00,230.00,WH-SEOUL
OI0000856,O000077,P018,電子書籍リーダー,コンピューター,PageFlow,157.32,1,0.00,157.32,WH-SEOUL
OI0000857,O000566,P017,4Kアクションカメラ,カメラ,VisionGo,336.21,1,0.00,336.21,WH-INCHEON
OI0000858,O000671,P011,エルゴノミクスチェア,オフィス用品,ErgoLab,413.98,2,0.00,827.96,WH-SEOUL
OI0000859,O000572,P017,4Kアクションカメラ,カメラ,VisionGo,331.64,1,0.00,331.64,WH-SEOUL
OI0000860,O000274,P015,65W急速充電器,周辺機器,VoltEdge,37.68,1,0.00,37.68,WH-BUSAN
OI0000861,O000057,P010,Bluetoothスピーカー,オーディオ,SonicArc,99.32,1,0.15,84.42,WH-BUSAN
OI0000862,O000702,P007,高画質ウェブカメラ,周辺機器,VisionGo,114.22,1,0.00,114.22,WH-SEOUL
OI0000863,O000451,P011,エルゴノミクスチェア,オフィス用品,ErgoLab,373.82,1,0.00,373.82,WH-SEOUL
OI0000864,O000024,P016,メッシュWi-Fiルーター,ネットワーク,LinkSphere,215.34,1,0.00,215.34,WH-DAEJEON
OI0000865,O000371,P003,USB-Cハブ,周辺機器,Nexio,55.83,1,0.00,55.83,WH-BUSAN
OI0000866,O000532,P014,フィットネスウォッチ,ウェアラブル,PulseOn,190.22,1,0.00,190.22,WH-SEOUL
OI0000867,O000688,P014,フィットネスウォッチ,ウェアラブル,PulseOn,189.98,2,0.00,379.96,WH-SEOUL
OI0000868,O000236,P005,ノートPCスタンド,オフィス用品,ErgoLab,49.91,2,0.00,99.82,WH-SEOUL
OI0000869,O000513,P001,ワイヤレスマウス,周辺機器,Nexio,31.71,1,0.00,31.71,WH-DAEJEON
OI0000870,O000044,P009,スマートデスクライト,オフィス用品,LumaWorks,75.26,1,0.00,75.26,WH-INCHEON
OI0000871,O000571,P008,ポータブルSSD 1TB,ストレージ,DataNest,142.58,1,0.00,142.58,WH-SEOUL
OI0000872,O000193,P012,11インチタブレット,コンピューター,NovaTech,665.95,3,0.20,1598.28,WH-BUSAN
OI0000873,O000499,P004,27インチモニター,ディスプレイ,ViewPeak,304.03,1,0.05,288.83,WH-INCHEON
OI0000874,O000633,P012,11インチタブレット,コンピューター,NovaTech,684.31,2,0.00,1368.62,WH-SEOUL
OI0000875,O000214,P018,電子書籍リーダー,コンピューター,PageFlow,145.12,1,0.05,137.86,WH-SEOUL
OI0000876,O000395,P008,ポータブルSSD 1TB,ストレージ,DataNest,134.10,1,0.00,134.10,WH-SEOUL
OI0000877,O000697,P013,14インチ軽量ノートPC,コンピューター,NovaTech,1164.34,4,0.05,4424.49,WH-SEOUL
OI0000878,O000422,P002,メカニカルキーボード,周辺機器,KeyForge,86.71,1,0.00,86.71,WH-SEOUL
OI0000879,O000500,P018,電子書籍リーダー,コンピューター,PageFlow,150.09,1,0.00,150.09,WH-BUSAN
OI0000880,O000002,P011,エルゴノミクスチェア,オフィス用品,ErgoLab,386.24,3,0.00,1158.72,WH-SEOUL
OI0000881,O000586,P011,エルゴノミクスチェア,オフィス用品,ErgoLab,378.60,2,0.10,681.48,WH-SEOUL
OI0000882,O000483,P009,スマートデスクライト,オフィス用品,LumaWorks,71.05,1,0.00,71.05,WH-SEOUL
OI0000883,O000689,P010,Bluetoothスピーカー,オーディオ,SonicArc,88.27,2,0.00,176.54,WH-SEOUL
OI0000884,O000580,P018,電子書籍リーダー,コンピューター,PageFlow,142.83,1,0.05,135.69,WH-SEOUL
OI0000885,O000589,P018,電子書籍リーダー,コンピューター,PageFlow,155.57,1,0.00,155.57,WH-SEOUL
OI0000886,O000033,P014,フィットネスウォッチ,ウェアラブル,PulseOn,189.64,1,0.10,170.68,WH-DAEJEON
OI0000887,O000551,P016,メッシュWi-Fiルーター,ネットワーク,LinkSphere,234.03,2,0.20,374.45,WH-BUSAN
OI0000888,O000708,P013,14インチ軽量ノートPC,コンピューター,NovaTech,1262.23,1,0.10,1136.01,WH-SEOUL
OI0000889,O000596,P011,エルゴノミクスチェア,オフィス用品,ErgoLab,405.53,1,0.05,385.25,WH-SEOUL
OI0000890,O000143,P012,11インチタブレット,コンピューター,NovaTech,632.85,1,0.10,569.57,WH-SEOUL
OI0000891,O000468,P015,65W急速充電器,周辺機器,VoltEdge,36.37,1,0.00,36.37,WH-SEOUL
OI0000892,O000268,P002,メカニカルキーボード,周辺機器,KeyForge,88.76,2,0.00,177.52,WH-DAEJEON
OI0000893,O000605,P006,ノイズキャンセリングヘッドホン,オーディオ,SonicArc,210.70,1,0.00,210.70,WH-BUSAN
OI0000894,O000709,P013,14インチ軽量ノートPC,コンピューター,NovaTech,1268.50,1,0.00,1268.50,WH-INCHEON
OI0000895,O000445,P004,27インチモニター,ディスプレイ,ViewPeak,272.69,1,0.00,272.69,WH-DAEJEON
OI0000896,O000006,P005,ノートPCスタンド,オフィス用品,ErgoLab,43.81,1,0.00,43.81,WH-DAEJEON
OI0000897,O000362,P013,14インチ軽量ノートPC,コンピューター,NovaTech,1185.25,1,0.10,1066.73,WH-SEOUL
OI0000898,O000311,P007,高画質ウェブカメラ,周辺機器,VisionGo,116.36,2,0.00,232.72,WH-SEOUL
OI0000899,O000378,P004,27インチモニター,ディスプレイ,ViewPeak,280.25,1,0.10,252.22,WH-SEOUL
OI0000900,O000573,P018,電子書籍リーダー,コンピューター,PageFlow,142.49,1,0.00,142.49,WH-DAEJEON
OI0000901,O000553,P005,ノートPCスタンド,オフィス用品,ErgoLab,49.72,1,0.00,49.72,WH-BUSAN
OI0000902,O000147,P009,スマートデスクライト,オフィス用品,LumaWorks,70.20,1,0.05,66.69,WH-DAEJEON
OI0000903,O000310,P017,4Kアクションカメラ,カメラ,VisionGo,318.02,2,0.00,636.04,WH-BUSAN
OI0000904,O000670,P012,11インチタブレット,コンピューター,NovaTech,613.83,1,0.15,521.76,WH-SEOUL
OI0000905,O000439,P014,フィットネスウォッチ,ウェアラブル,PulseOn,164.89,1,0.10,148.40,WH-BUSAN
OI0000906,O000009,P009,スマートデスクライト,オフィス用品,LumaWorks,70.45,1,0.15,59.88,WH-SEOUL
OI0000907,O000665,P008,ポータブルSSD 1TB,ストレージ,DataNest,129.51,1,0.15,110.08,WH-SEOUL
OI0000908,O000496,P011,エルゴノミクスチェア,オフィス用品,ErgoLab,377.63,1,0.00,377.63,WH-DAEJEON
OI0000909,O000001,P009,スマートデスクライト,オフィス用品,LumaWorks,66.44,1,0.00,66.44,WH-DAEJEON
OI0000910,O000291,P014,フィットネスウォッチ,ウェアラブル,PulseOn,165.10,1,0.00,165.10,WH-SEOUL
OI0000911,O000205,P001,ワイヤレスマウス,周辺機器,Nexio,28.51,3,0.00,85.53,WH-BUSAN
OI0000912,O000364,P016,メッシュWi-Fiルーター,ネットワーク,LinkSphere,220.35,1,0.00,220.35,WH-SEOUL
OI0000913,O000667,P006,ノイズキャンセリングヘッドホン,オーディオ,SonicArc,235.24,1,0.00,235.24,WH-BUSAN
OI0000914,O000601,P012,11インチタブレット,コンピューター,NovaTech,670.31,1,0.00,670.31,WH-DAEJEON
OI0000915,O000096,P009,スマートデスクライト,オフィス用品,LumaWorks,66.61,1,0.10,59.95,WH-DAEJEON
OI0000916,O000052,P007,高画質ウェブカメラ,周辺機器,VisionGo,109.20,3,0.00,327.60,WH-INCHEON
OI0000917,O000087,P016,メッシュWi-Fiルーター,ネットワーク,LinkSphere,228.92,2,0.00,457.84,WH-SEOUL
OI0000918,O000471,P018,電子書籍リーダー,コンピューター,PageFlow,158.70,1,0.10,142.83,WH-SEOUL
OI0000919,O000442,P007,高画質ウェブカメラ,周辺機器,VisionGo,109.93,1,0.05,104.43,WH-SEOUL
OI0000920,O000302,P015,65W急速充電器,周辺機器,VoltEdge,36.03,3,0.05,102.69,WH-BUSAN
OI0000921,O000059,P003,USB-Cハブ,周辺機器,Nexio,58.62,2,0.20,93.79,WH-SEOUL
OI0000922,O000457,P003,USB-Cハブ,周辺機器,Nexio,54.04,1,0.00,54.04,WH-SEOUL
OI0000923,O000058,P010,Bluetoothスピーカー,オーディオ,SonicArc,98.26,1,0.20,78.61,WH-BUSAN
OI0000924,O000363,P005,ノートPCスタンド,オフィス用品,ErgoLab,45.60,2,0.10,82.08,WH-DAEJEON
OI0000925,O000051,P012,11インチタブレット,コンピューター,NovaTech,668.73,1,0.15,568.42,WH-SEOUL
OI0000926,O000244,P002,メカニカルキーボード,周辺機器,KeyForge,84.12,2,0.00,168.24,WH-INCHEON
OI0000927,O000558,P018,電子書籍リーダー,コンピューター,PageFlow,156.50,1,0.00,156.50,WH-SEOUL
OI0000928,O000574,P005,ノートPCスタンド,オフィス用品,ErgoLab,49.35,3,0.00,148.05,WH-SEOUL
OI0000929,O000634,P018,電子書籍リーダー,コンピューター,PageFlow,139.91,1,0.00,139.91,WH-SEOUL
OI0000930,O000679,P017,4Kアクションカメラ,カメラ,VisionGo,314.17,1,0.00,314.17,WH-DAEJEON
OI0000931,O000088,P018,電子書籍リーダー,コンピューター,PageFlow,146.31,1,0.15,124.36,WH-SEOUL
OI0000932,O000129,P007,高画質ウェブカメラ,周辺機器,VisionGo,103.13,1,0.00,103.13,WH-SEOUL
OI0000933,O000063,P005,ノートPCスタンド,オフィス用品,ErgoLab,43.44,1,0.00,43.44,WH-BUSAN
OI0000934,O000705,P013,14インチ軽量ノートPC,コンピューター,NovaTech,1158.03,1,0.00,1158.03,WH-SEOUL
OI0000935,O000595,P011,エルゴノミクスチェア,オフィス用品,ErgoLab,424.92,1,0.00,424.92,WH-SEOUL
OI0000936,O000259,P014,フィットネスウォッチ,ウェアラブル,PulseOn,174.84,2,0.00,349.68,WH-SEOUL
OI0000937,O000100,P015,65W急速充電器,周辺機器,VoltEdge,37.59,1,0.00,37.59,WH-SEOUL
OI0000938,O000401,P003,USB-Cハブ,周辺機器,Nexio,55.12,1,0.05,52.36,WH-BUSAN
OI0000939,O000032,P005,ノートPCスタンド,オフィス用品,ErgoLab,46.99,1,0.10,42.29,WH-BUSAN
OI0000940,O000079,P002,メカニカルキーボード,周辺機器,KeyForge,93.89,1,0.00,93.89,WH-DAEJEON
OI0000941,O000614,P009,スマートデスクライト,オフィス用品,LumaWorks,75.62,2,0.00,151.24,WH-BUSAN
OI0000942,O000203,P006,ノイズキャンセリングヘッドホン,オーディオ,SonicArc,216.87,3,0.15,553.02,WH-BUSAN
OI0000943,O000083,P011,エルゴノミクスチェア,オフィス用品,ErgoLab,401.26,1,0.15,341.07,WH-SEOUL
OI0000944,O000043,P017,4Kアクションカメラ,カメラ,VisionGo,330.56,2,0.05,628.06,WH-INCHEON
OI0000945,O000560,P013,14インチ軽量ノートPC,コンピューター,NovaTech,1192.82,2,0.00,2385.64,WH-SEOUL
OI0000946,O000343,P017,4Kアクションカメラ,カメラ,VisionGo,339.93,1,0.00,339.93,WH-BUSAN
OI0000947,O000493,P006,ノイズキャンセリングヘッドホン,オーディオ,SonicArc,205.64,2,0.00,411.28,WH-SEOUL
OI0000948,O000283,P016,メッシュWi-Fiルーター,ネットワーク,LinkSphere,241.47,1,0.00,241.47,WH-BUSAN
OI0000949,O000132,P017,4Kアクションカメラ,カメラ,VisionGo,349.07,1,0.00,349.07,WH-SEOUL
OI0000950,O000332,P016,メッシュWi-Fiルーター,ネットワーク,LinkSphere,236.63,1,0.00,236.63,WH-BUSAN
OI0000951,O000613,P007,高画質ウェブカメラ,周辺機器,VisionGo,103.00,1,0.00,103.00,WH-BUSAN
OI0000952,O000545,P010,Bluetoothスピーカー,オーディオ,SonicArc,98.98,1,0.10,89.08,WH-DAEJEON
OI0000953,O000076,P002,メカニカルキーボード,周辺機器,KeyForge,81.96,1,0.10,73.76,WH-BUSAN
OI0000954,O000229,P007,高画質ウェブカメラ,周辺機器,VisionGo,101.77,1,0.10,91.59,WH-SEOUL
OI0000955,O000221,P018,電子書籍リーダー,コンピューター,PageFlow,140.11,2,0.00,280.22,WH-DAEJEON
OI0000956,O000315,P002,メカニカルキーボード,周辺機器,KeyForge,95.14,1,0.15,80.87,WH-DAEJEON
OI0000957,O000036,P002,メカニカルキーボード,周辺機器,KeyForge,88.40,2,0.00,176.80,WH-SEOUL
OI0000958,O000486,P002,メカニカルキーボード,周辺機器,KeyForge,87.48,1,0.15,74.36,WH-SEOUL
OI0000959,O000190,P014,フィットネスウォッチ,ウェアラブル,PulseOn,185.63,1,0.00,185.63,WH-BUSAN
OI0000960,O000450,P014,フィットネスウォッチ,ウェアラブル,PulseOn,178.34,1,0.00,178.34,WH-SEOUL
OI0000961,O000274,P016,メッシュWi-Fiルーター,ネットワーク,LinkSphere,219.15,1,0.00,219.15,WH-SEOUL
OI0000962,O000453,P015,65W急速充電器,周辺機器,VoltEdge,39.87,2,0.05,75.75,WH-BUSAN
OI0000963,O000259,P012,11インチタブレット,コンピューター,NovaTech,618.11,1,0.00,618.11,WH-INCHEON
OI0000964,O000230,P016,メッシュWi-Fiルーター,ネットワーク,LinkSphere,227.10,3,0.05,647.23,WH-SEOUL
OI0000965,O000452,P001,ワイヤレスマウス,周辺機器,Nexio,28.13,1,0.15,23.91,WH-SEOUL
OI0000966,O000135,P001,ワイヤレスマウス,周辺機器,Nexio,27.91,1,0.00,27.91,WH-SEOUL
OI0000967,O000472,P003,USB-Cハブ,周辺機器,Nexio,53.18,1,0.00,53.18,WH-SEOUL
OI0000968,O000058,P001,ワイヤレスマウス,周辺機器,Nexio,31.18,2,0.00,62.36,WH-DAEJEON
OI0000969,O000157,P004,27インチモニター,ディスプレイ,ViewPeak,267.24,3,0.00,801.72,WH-INCHEON
OI0000970,O000502,P008,ポータブルSSD 1TB,ストレージ,DataNest,129.68,1,0.05,123.20,WH-BUSAN
OI0000971,O000719,P002,メカニカルキーボード,周辺機器,KeyForge,88.57,1,0.15,75.28,WH-SEOUL
OI0000972,O000141,P001,ワイヤレスマウス,周辺機器,Nexio,28.72,1,0.00,28.72,WH-DAEJEON
OI0000973,O000458,P018,電子書籍リーダー,コンピューター,PageFlow,158.29,1,0.00,158.29,WH-BUSAN
OI0000974,O000208,P009,スマートデスクライト,オフィス用品,LumaWorks,67.65,1,0.05,64.27,WH-SEOUL
OI0000975,O000281,P015,65W急速充電器,周辺機器,VoltEdge,36.50,1,0.00,36.50,WH-DAEJEON
OI0000976,O000644,P001,ワイヤレスマウス,周辺機器,Nexio,31.64,1,0.10,28.48,WH-DAEJEON
OI0000977,O000643,P002,メカニカルキーボード,周辺機器,KeyForge,85.00,1,0.00,85.00,WH-SEOUL
OI0000978,O000686,P017,4Kアクションカメラ,カメラ,VisionGo,315.08,1,0.10,283.57,WH-SEOUL
OI0000979,O000095,P005,ノートPCスタンド,オフィス用品,ErgoLab,49.35,1,0.05,46.88,WH-DAEJEON
OI0000980,O000487,P014,フィットネスウォッチ,ウェアラブル,PulseOn,180.41,3,0.10,487.11,WH-BUSAN
