,顧客ID,登録日,顧客名,メールアドレス,都道府県,市区町村,顧客区分,獲得チャネル,会員ランク,有効会員フラグ,年収帯,顧客ID(注文),注文ID,注文日,注文ステータス,販売チャネル,支払方法,配送先都道府県,クーポンコード,小計金額,割引金額,送料,合計金額,純売り上げ
0,C00001,2022-07-30,鈴木 葵,customer00001@example.jp,北海道,函館市,個人,広告検索,ブロンズ,有,500～800万円,C00001,O000052,2025-10-25,発送済み,ウェブ,請求書払い,北海道,,524.44,0.0,0.0,524.44,524.44
1,C00002,2025-01-20,渡辺 悠真,customer00002@example.jp,北海道,旭川市,個人,SNS,ブロンズ,有,"800～1,200万円",C00002,O000014O000077O000155O000624,2024-11-132025-11-012025-04-062024-03-12,配達完了配達完了配達完了発送済み,モバイルアプリウェブモバイルアプリウェブ,スマホ決済銀行振込クレジットカードクレジットカード,北海道北海道北海道北海道,FREESHIPWELCOME10FREESHIP,2814.3199999999997,14.56,5.9,2805.66,2793.8599999999997
2,C00003,2023-03-08,中村 陽翔,customer00003@example.jp,神奈川県,横浜市,個人,広告検索,シルバー,無,"800～1,200万円",,,,,,,,,,,,,
3,C00004,2025-10-09,山本 葵,customer00004@example.jp,神奈川県,藤沢市,個人,広告検索,ブロンズ,有,300万円未満,C00004,O000069O000537,2025-01-102025-02-26,配達完了配達完了,ウェブモバイルアプリ,コンビニ払いクレジットカード,神奈川県神奈川県,SPRING15FREESHIP,1598.4099999999999,201.57,0.0,1396.8400000000001,1396.8400000000001
4,C00005,2024-02-08,佐藤 陽翔,customer00005@example.jp,東京都,渋谷区,個人,店頭,ブロンズ,有,300～500万円,C00005,O000115O000222O000432,2025-05-272025-05-212025-04-13,配達完了発送済み処理中,モバイルアプリモバイルアプリモバイルアプリ,クレジットカードスマホ決済クレジットカード,東京都東京都東京都,,2291.3900000000003,0.0,0.0,2291.3900000000003,2291.3900000000003
5,C00006,2025-01-31,鈴木 結菜,customer00006@example.jp,愛知県,岡崎市,大企業,広告検索,シルバー,有,300万円未満,C00006,O000204O000221,2024-06-162024-01-19,配達完了配達完了,ウェブモール,クレジットカードクレジットカード,愛知県愛知県,VIP20,1143.9,154.71,0.0,989.19,989.19
6,C00007,2025-10-02,伊藤 さくら,customer00007@example.jp,千葉県,船橋市,個人,提携先,プラチナ,有,"1,200万円以上",C00007,O000420,2025-05-17,配達完了,ウェブ,銀行振込,千葉県,WELCOME10,378.26,37.83,0.0,340.43,340.43
7,C00008,2022-11-09,鈴木 蓮,customer00008@example.jp,神奈川県,川崎市,個人,自然検索,ゴールド,有,"800～1,200万円",,,,,,,,,,,,,
8,C00009,2023-04-02,佐藤 葵,customer00009@example.jp,東京都,千代田区,個人,自然検索,シルバー,有,500～800万円,C00009,O000509O000637O000639,2025-10-072025-01-232025-07-05,返品済み配達完了配達完了,営業担当ウェブモバイルアプリ,クレジットカードクレジットカードクレジットカード,東京都東京都東京都,FREESHIPWELCOME10WELCOME10,3030.32,163.19,0.0,2867.13,2867.13
9,C00010,2022-04-11,佐藤 湊,customer00010@example.jp,福岡県,久留米市,個人,広告検索,ブロンズ,有,300～500万円,C00010,O000324O000657,2024-06-202025-09-29,発送済み配達完了,ウェブウェブ,銀行振込コンビニ払い,福岡県福岡県,FREESHIPWELCOME10,505.51,29.79,0.0,475.71999999999997,475.71999999999997
10,C00011,2024-12-22,佐藤 湊,customer00011@example.jp,北海道,札幌市,個人,自然検索,ブロンズ,有,300～500万円,C00011,O000234,2025-03-24,配達完了,モバイルアプリ,クレジットカード,北海道,,889.07,0.0,0.0,889.07,889.07
11,C00012,2025-06-06,高橋 樹,customer00012@example.jp,大阪府,吹田市,中小企業,店頭,ブロンズ,有,"1,200万円以上",C00012,O000093O000132O000349,2024-08-092025-01-012025-09-08,配達完了キャンセル配達完了,ウェブウェブモバイルアプリ,銀行振込コンビニ払いクレジットカード,大阪府大阪府大阪府,FREESHIP,2215.1899999999996,0.0,0.0,2215.1899999999996,2215.1899999999996
12,C00013,2023-09-10,鈴木 樹,customer00013@example.jp,千葉県,船橋市,大企業,自然検索,シルバー,有,300万円未満,C00013,O000451,2025-05-11,配達完了,モバイルアプリ,スマホ決済,千葉県,,511.25,0.0,0.0,511.25,511.25
13,C00014,2022-11-02,田中 大和,customer00014@example.jp,愛知県,豊田市,中小企業,SNS,ゴールド,有,"800～1,200万円",C00014,O000273O000425,2024-02-242025-10-16,配達完了配達完了,ウェブ営業担当,クレジットカードクレジットカード,愛知県愛知県,SPRING15B2B5,1042.58,74.22,0.0,968.36,968.3599999999999
14,C00015,2024-09-19,渡辺 さくら,customer00015@example.jp,東京都,新宿区,中小企業,SNS,ブロンズ,無,300万円未満,,,,,,,,,,,,,
15,C00016,2025-06-09,渡辺 陽葵,customer00016@example.jp,福岡県,福岡市,個人,紹介,ブロンズ,有,"800～1,200万円",,,,,,,,,,,,,
16,C00017,2023-07-20,山本 葵,customer00017@example.jp,千葉県,千葉市,個人,SNS,ブロンズ,無,300～500万円,,,,,,,,,,,,,
17,C00018,2023-08-29,田中 さくら,customer00018@example.jp,愛知県,岡崎市,個人,広告検索,プラチナ,有,300～500万円,C00018,O000388O000692O000698,2024-08-022025-01-182025-03-12,返品済み配達完了返品済み,ウェブウェブモバイルアプリ,クレジットカード銀行振込クレジットカード,愛知県愛知県愛知県,VIP20,2408.45,201.78,5.9,2212.57,2200.77
18,C00019,2024-03-27,山本 葵,customer00019@example.jp,東京都,渋谷区,中小企業,提携先,ゴールド,有,300～500万円,C00019,O000133O000227O000333,2024-07-182024-06-102025-06-13,配達完了処理中配達完了,ウェブウェブモール,クレジットカードクレジットカードクレジットカード,東京都東京都東京都,VIP20FREESHIP,2248.3999999999996,79.26,0.0,2169.14,2169.14
19,C00020,2023-02-10,渡辺 陽翔,customer00020@example.jp,東京都,新宿区,個人,自然検索,ゴールド,有,500～800万円,,,,,,,,,,,,,
20,C00021,2024-04-09,中村 さくら,customer00021@example.jp,愛知県,名古屋市,個人,自然検索,シルバー,有,300万円未満,C00021,O000205O000433O000459O000614O000634,2024-09-252025-08-252024-06-222024-03-222024-03-13,発送済みキャンセル配達完了発送済み配達完了,モバイルアプリ営業担当ウェブウェブウェブ,クレジットカードコンビニ払いクレジットカードコンビニ払いスマホ決済,愛知県愛知県愛知県愛知県愛知県,B2B5WELCOME10,2568.26,176.46,11.8,2403.6,2380.0
21,C00022,2025-05-02,佐藤 大和,customer00022@example.jp,福岡県,北九州市,中小企業,紹介,シルバー,有,300～500万円,C00022,O000121O000652,2025-06-052025-04-15,配達完了配達完了,モールモール,コンビニ払いクレジットカード,福岡県福岡県,VIP20,1551.8200000000002,85.94,0.0,1465.88,1465.88
22,C00023,2023-09-06,高橋 樹,customer00023@example.jp,千葉県,船橋市,中小企業,自然検索,ブロンズ,有,500～800万円,C00023,O000039O000356O000399O000587O000625,2025-02-282024-09-032024-11-062025-04-252024-11-18,配達完了配達完了配達完了配達完了配達完了,モバイルアプリモバイルアプリウェブウェブ営業担当,クレジットカードコンビニ払いクレジットカードコンビニ払いクレジットカード,千葉県千葉県千葉県千葉県千葉県,SPRING15VIP20B2B5,3631.42,192.45,5.9,3444.87,3433.0699999999997
23,C00024,2023-02-02,渡辺 大和,customer00024@example.jp,福岡県,北九州市,個人,自然検索,シルバー,有,500～800万円,C00024,O000718,2025-10-06,配達完了,営業担当,スマホ決済,福岡県,SPRING15,1261.07,189.16,0.0,1071.91,1071.9099999999999
24,C00025,2024-07-17,山本 さくら,customer00025@example.jp,福岡県,福岡市,個人,紹介,シルバー,有,300～500万円,C00025,O000168O000275O000571,2024-04-142024-08-102024-10-14,配達完了配達完了配達完了,営業担当モバイルアプリモバイルアプリ,スマホ決済スマホ決済クレジットカード,福岡県福岡県福岡県,WELCOME10,2642.42,69.82,0.0,2572.6,2572.6000000000004
25,C00026,2025-12-19,佐藤 芽依,customer00026@example.jp,千葉県,柏市,個人,広告検索,ブロンズ,無,300～500万円,C00026,O000140,2024-12-26,配達完了,モバイルアプリ,コンビニ払い,千葉県,,1243.29,0.0,0.0,1243.29,1243.29
26,C00027,2025-07-12,渡辺 葵,customer00027@example.jp,大阪府,吹田市,個人,SNS,ブロンズ,有,300万円未満,C00027,O000022O000187O000462,2025-07-102025-01-092025-09-14,返品済み配達完了処理中,モバイルアプリウェブモール,スマホ決済クレジットカードクレジットカード,大阪府大阪府大阪府,FREESHIP,2568.6,0.0,0.0,2568.6,2568.6
27,C00028,2025-07-05,山本 大和,customer00028@example.jp,千葉県,千葉市,個人,自然検索,シルバー,有,500～800万円,C00028,O000250O000299O000436O000667,2025-03-072024-03-232024-11-102025-11-22,配達完了配達完了配達完了配達完了,ウェブウェブモバイルアプリウェブ,スマホ決済スマホ決済クレジットカードスマホ決済,千葉県千葉県千葉県千葉県,SPRING15SPRING15,4226.9400000000005,322.23,0.0,3904.71,3904.7100000000005
28,C00029,2024-04-08,田中 陽葵,customer00029@example.jp,福岡県,北九州市,中小企業,SNS,プラチナ,有,300万円未満,C00029,O000518,2025-09-30,処理中,モバイルアプリ,銀行振込,福岡県,,479.2,0.0,0.0,479.2,479.2
29,C00030,2023-03-29,渡辺 さくら,customer00030@example.jp,大阪府,吹田市,中小企業,自然検索,シルバー,有,"800～1,200万円",C00030,O000185O000392,2024-01-072025-05-19,配達完了配達完了,モバイルアプリウェブ,クレジットカードスマホ決済,大阪府大阪府,,2569.27,0.0,0.0,2569.27,2569.27
30,C00031,2025-05-27,鈴木 悠真,customer00031@example.jp,東京都,新宿区,個人,自然検索,ブロンズ,有,300万円未満,C00031,O000114O000607O000695O000720,2024-12-062024-03-272025-07-082025-10-29,配達完了配達完了配達完了配達完了,ウェブウェブウェブモバイルアプリ,クレジットカードクレジットカード銀行振込スマホ決済,東京都東京都東京都東京都,SPRING15,3204.26,206.84,0.0,2997.42,2997.42
31,C00032,2023-05-18,渡辺 葵,customer00032@example.jp,北海道,函館市,個人,SNS,ゴールド,有,300万円未満,C00032,O000068O000214O000366O000562O000644O000702,2025-05-202025-06-072025-09-022025-04-292025-10-222025-10-27,配達完了配達完了配達完了配達完了配達完了配達完了,モールウェブウェブウェブモバイルアプリモバイルアプリ,銀行振込クレジットカード銀行振込銀行振込コンビニ払いクレジットカード,北海道北海道北海道北海道北海道北海道,FREESHIP,4851.08,0.0,0.0,4851.08,4851.08
32,C00033,2023-03-07,鈴木 悠真,customer00033@example.jp,東京都,世田谷区,個人,広告検索,シルバー,無,500～800万円,,,,,,,,,,,,,
33,C00034,2023-06-21,渡辺 蓮,customer00034@example.jp,千葉県,柏市,個人,自然検索,ブロンズ,有,"800～1,200万円",C00034,O000201,2024-08-19,配達完了,モバイルアプリ,クレジットカード,千葉県,,761.01,0.0,0.0,761.01,761.01
34,C00035,2023-09-23,高橋 陽翔,customer00035@example.jp,北海道,函館市,個人,広告検索,ブロンズ,有,500～800万円,C00035,O000334,2025-06-15,配達完了,ウェブ,クレジットカード,北海道,,43.37,0.0,5.9,49.27,37.47
35,C00036,2024-03-15,佐藤 葵,customer00036@example.jp,福岡県,北九州市,中小企業,広告検索,ブロンズ,有,500～800万円,,,,,,,,,,,,,
36,C00037,2022-01-14,高橋 凛,customer00037@example.jp,神奈川県,川崎市,個人,広告検索,ゴールド,無,300万円未満,,,,,,,,,,,,,
37,C00038,2022-06-10,田中 陽葵,customer00038@example.jp,東京都,新宿区,個人,自然検索,シルバー,有,"1,200万円以上",C00038,O000029,2024-07-03,配達完了,モバイルアプリ,スマホ決済,東京都,,642.35,0.0,0.0,642.35,642.35
38,C00039,2024-04-27,鈴木 蓮,customer00039@example.jp,千葉県,柏市,個人,紹介,ブロンズ,有,"800～1,200万円",C00039,O000044O000673,2024-04-102025-12-12,発送済み配達完了,ウェブウェブ,銀行振込スマホ決済,千葉県千葉県,VIP20,1299.53,225.49,0.0,1074.04,1074.04
39,C00040,2025-02-17,渡辺 凛,customer00040@example.jp,東京都,千代田区,中小企業,紹介,ブロンズ,有,500～800万円,C00040,O000591,2024-06-04,配達完了,ウェブ,クレジットカード,東京都,,1421.34,0.0,0.0,1421.34,1421.34
40,C00041,2024-04-04,鈴木 芽依,customer00041@example.jp,愛知県,名古屋市,中小企業,SNS,シルバー,有,300～500万円,C00041,O000685,2025-07-13,配達完了,ウェブ,クレジットカード,愛知県,WELCOME10,114.72,11.47,5.9,109.15,97.35
41,C00042,2024-03-17,渡辺 葵,customer00042@example.jp,愛知県,岡崎市,中小企業,SNS,ブロンズ,有,500～800万円,,,,,,,,,,,,,
42,C00043,2022-12-27,佐藤 樹,customer00043@example.jp,東京都,渋谷区,中小企業,自然検索,ブロンズ,無,"800～1,200万円",,,,,,,,,,,,,
43,C00044,2025-07-22,田中 さくら,customer00044@example.jp,東京都,世田谷区,個人,広告検索,シルバー,無,500～800万円,,,,,,,,,,,,,
44,C00045,2023-11-29,佐藤 大和,customer00045@example.jp,神奈川県,川崎市,個人,自然検索,ゴールド,無,500～800万円,,,,,,,,,,,,,
45,C00046,2023-04-04,佐藤 悠真,customer00046@example.jp,福岡県,北九州市,個人,広告検索,ブロンズ,有,300万円未満,,,,,,,,,,,,,
46,C00047,2025-06-10,田中 凛,customer00047@example.jp,福岡県,福岡市,大企業,店頭,シルバー,有,300～500万円,C00047,O000070O000280O000304O000683,2025-08-092024-10-112025-06-152024-12-29,配達完了キャンセル配達完了配達完了,ウェブウェブウェブモバイルアプリ,銀行振込スマホ決済クレジットカード銀行振込,福岡県福岡県福岡県福岡県,VIP20FREESHIP,2688.56,132.53,0.0,2556.0299999999997,2556.0299999999997
47,C00048,2022-03-22,山本 陽葵,customer00048@example.jp,千葉県,柏市,個人,自然検索,シルバー,有,"800～1,200万円",C00048,O000382O000460O000498O000656,2024-04-102025-12-232024-08-042024-08-17,返品済み配達完了配達完了配達完了,ウェブモールモバイルアプリモバイルアプリ,コンビニ払いコンビニ払いクレジットカードクレジットカード,千葉県千葉県千葉県千葉県,FREESHIPB2B5,3351.7599999999998,30.41,0.0,3321.35,3321.35
48,C00049,2024-10-21,佐藤 さくら,customer00049@example.jp,東京都,新宿区,個人,自然検索,ブロンズ,有,300～500万円,,,,,,,,,,,,,
49,C00050,2022-03-09,中村 湊,customer00050@example.jp,東京都,渋谷区,個人,広告検索,ブロンズ,有,300～500万円,C00050,O000076O000080,2025-06-192025-01-09,配達完了返品済み,モバイルアプリ営業担当,コンビニ払いスマホ決済,東京都東京都,WELCOME10,1920.45,47.28,0.0,1873.17,1873.17
50,C00051,2022-09-16,高橋 結菜,customer00051@example.jp,神奈川県,川崎市,個人,自然検索,シルバー,有,300～500万円,C00051,O000018O000372O000446,2025-02-012025-12-242025-08-08,配達完了配達完了配達完了,ウェブウェブモバイルアプリ,スマホ決済クレジットカード銀行振込,神奈川県神奈川県神奈川県,SPRING15,3149.09,142.12,0.0,3006.9700000000003,3006.9700000000003
51,C00052,2024-10-02,高橋 湊,customer00052@example.jp,千葉県,船橋市,中小企業,広告検索,ブロンズ,有,500～800万円,C00052,O000329,2024-06-17,配達完了,モバイルアプリ,スマホ決済,千葉県,B2B5,1351.96,67.6,0.0,1284.36,1284.3600000000001
52,C00053,2025-07-17,鈴木 結菜,customer00053@example.jp,北海道,函館市,個人,自然検索,ゴールド,無,300万円未満,,,,,,,,,,,,,
53,C00054,2025-07-18,伊藤 悠真,customer00054@example.jp,北海道,旭川市,個人,紹介,ブロンズ,有,500～800万円,C00054,O000560,2024-11-28,キャンセル,モバイルアプリ,請求書払い,北海道,VIP20,528.26,105.65,0.0,422.61,422.61
54,C00055,2025-07-03,渡辺 陽翔,customer00055@example.jp,神奈川県,相模原市,個人,紹介,ブロンズ,有,300万円未満,C00055,O000109O000231O000283O000287,2025-03-252025-08-032024-04-112025-01-29,配達完了キャンセル配達完了発送済み,モバイルアプリウェブウェブモール,スマホ決済クレジットカードスマホ決済スマホ決済,神奈川県神奈川県神奈川県神奈川県,B2B5WELCOME10WELCOME10B2B5,2742.7,224.19,0.0,2518.5099999999998,2518.5099999999998
55,C00056,2022-12-28,鈴木 葵,customer00056@example.jp,愛知県,豊田市,中小企業,紹介,ゴールド,無,300～500万円,,,,,,,,,,,,,
56,C00057,2024-09-26,中村 結菜,customer00057@example.jp,東京都,千代田区,中小企業,自然検索,ゴールド,有,500～800万円,C00057,O000589,2025-05-19,配達完了,ウェブ,クレジットカード,東京都,,957.7,0.0,0.0,957.7,957.7
57,C00058,2022-07-23,渡辺 樹,customer00058@example.jp,北海道,札幌市,中小企業,SNS,シルバー,有,500～800万円,C00058,O000485O000648O000655,2024-11-272024-08-042024-03-02,配達完了配達完了配達完了,ウェブモールウェブ,スマホ決済スマホ決済銀行振込,北海道北海道北海道,B2B5,2900.21,27.18,0.0,2873.03,2873.03
58,C00059,2022-12-28,佐藤 結菜,customer00059@example.jp,福岡県,北九州市,個人,自然検索,ブロンズ,有,"800～1,200万円",C00059,O000238O000486,2025-01-262025-02-01,配達完了配達完了,モバイルアプリウェブ,銀行振込銀行振込,福岡県福岡県,,1563.6100000000001,0.0,0.0,1563.6100000000001,1563.6100000000001
59,C00060,2024-08-20,鈴木 蓮,customer00060@example.jp,福岡県,福岡市,個人,SNS,シルバー,有,500～800万円,C00060,O000124O000195O000508O000575O000579,2025-06-292024-09-092024-07-252025-12-042024-07-16,発送済み配達完了配達完了配達完了配達完了,モールウェブモバイルアプリモバイルアプリモバイルアプリ,クレジットカードスマホ決済銀行振込クレジットカード銀行振込,福岡県福岡県福岡県福岡県福岡県,SPRING15FREESHIP,3103.09,35.78,0.0,3067.31,3067.31
60,C00061,2024-07-04,渡辺 芽依,customer00061@example.jp,神奈川県,川崎市,個人,提携先,ブロンズ,有,500～800万円,C00061,O000092O000325O000331O000566O000595,2025-06-072024-07-102025-10-052024-01-032024-02-15,配達完了配達完了配達完了配達完了配達完了,モバイルアプリウェブモバイルアプリモバイルアプリウェブ,クレジットカードクレジットカードクレジットカードスマホ決済クレジットカード,神奈川県神奈川県神奈川県神奈川県神奈川県,B2B5SPRING15WELCOME10VIP20,3706.14,302.2,0.0,3403.94,3403.94
61,C00062,2022-01-14,渡辺 悠真,customer00062@example.jp,大阪府,豊中市,個人,紹介,ブロンズ,有,300～500万円,C00062,O000079,2025-08-11,配達完了,営業担当,クレジットカード,大阪府,,528.64,0.0,0.0,528.64,528.64
62,C00063,2025-07-02,中村 蓮,customer00063@example.jp,東京都,新宿区,個人,紹介,ブロンズ,有,300万円未満,C00063,O000305,2025-10-22,返品済み,ウェブ,銀行振込,東京都,SPRING15,898.54,134.78,0.0,763.76,763.76
63,C00064,2022-07-05,鈴木 陽葵,customer00064@example.jp,北海道,函館市,中小企業,広告検索,ブロンズ,有,300万円未満,C00064,O000087O000390O000431,2024-08-292024-03-292024-08-31,配達完了配達完了配達完了,モバイルアプリ営業担当ウェブ,コンビニ払いクレジットカードクレジットカード,北海道北海道北海道,VIP20SPRING15,1684.78,190.76,0.0,1494.02,1494.02
64,C00065,2023-12-13,中村 陽葵,customer00065@example.jp,福岡県,久留米市,個人,自然検索,ブロンズ,有,500～800万円,C00065,O000552,2024-05-23,処理中,ウェブ,スマホ決済,福岡県,,1192.83,0.0,0.0,1192.83,1192.83
65,C00066,2022-08-26,中村 結菜,customer00066@example.jp,神奈川県,相模原市,個人,自然検索,ゴールド,有,"1,200万円以上",C00066,O000081,2025-03-06,発送済み,モバイルアプリ,銀行振込,神奈川県,WELCOME10,327.25,32.73,0.0,294.52,294.52
66,C00067,2024-03-06,中村 悠真,customer00067@example.jp,福岡県,北九州市,個人,自然検索,ブロンズ,有,300～500万円,C00067,O000351O000632O000654,2024-04-222025-06-302024-06-06,返品済み配達完了配達完了,営業担当ウェブモバイルアプリ,請求書払い請求書払いクレジットカード,福岡県福岡県福岡県,FREESHIP,2201.81,0.0,0.0,2201.81,2201.81
67,C00068,2025-03-05,伊藤 芽依,customer00068@example.jp,愛知県,名古屋市,個人,自然検索,シルバー,有,"800～1,200万円",C00068,O000255O000407,2024-06-172025-06-19,配達完了配達完了,モバイルアプリモール,クレジットカードスマホ決済,愛知県愛知県,,1351.23,0.0,0.0,1351.23,1351.23
68,C00069,2024-07-12,渡辺 蓮,customer00069@example.jp,東京都,千代田区,個人,自然検索,ブロンズ,有,300万円未満,C00069,O000181O000328,2025-03-162025-07-19,処理中キャンセル,モバイルアプリモバイルアプリ,クレジットカードコンビニ払い,東京都東京都,,1055.18,0.0,0.0,1055.18,1055.18
69,C00070,2024-09-14,高橋 悠真,customer00070@example.jp,北海道,函館市,個人,店頭,シルバー,有,300～500万円,C00070,O000717,2024-12-30,発送済み,ウェブ,クレジットカード,北海道,,704.71,0.0,0.0,704.71,704.71
70,C00071,2023-03-16,鈴木 蓮,customer00071@example.jp,大阪府,堺市,大企業,紹介,プラチナ,有,300万円未満,C00071,O000010O000405O000517O000710,2024-03-312025-05-052024-03-012024-04-12,配達完了配達完了配達完了処理中,モバイルアプリウェブウェブモバイルアプリ,クレジットカードスマホ決済クレジットカードクレジットカード,大阪府大阪府大阪府大阪府,,2896.3900000000003,0.0,0.0,2896.3900000000003,2896.3900000000003
71,C00072,2025-08-26,佐藤 陽葵,customer00072@example.jp,福岡県,北九州市,個人,広告検索,シルバー,有,500～800万円,C00072,O000064,2024-03-13,配達完了,営業担当,銀行振込,福岡県,FREESHIP,935.91,0.0,0.0,935.91,935.91
72,C00073,2024-03-21,山本 凛,customer00073@example.jp,東京都,世田谷区,個人,広告検索,シルバー,有,500～800万円,C00073,O000298O000601O000669,2025-12-142024-01-312024-09-28,配達完了配達完了配達完了,モバイルアプリモバイルアプリウェブ,請求書払いクレジットカードスマホ決済,東京都東京都東京都,,2239.09,0.0,0.0,2239.09,2239.09
73,C00074,2022-06-09,鈴木 さくら,customer00074@example.jp,北海道,旭川市,個人,SNS,シルバー,有,300～500万円,C00074,O000122O000141O000171O000323O000447O000467,2025-05-162025-11-242025-05-232024-03-102025-03-282025-05-16,キャンセルキャンセル配達完了配達完了配達完了配達完了,モバイルアプリウェブモバイルアプリモールウェブモバイルアプリ,クレジットカードクレジットカードスマホ決済スマホ決済銀行振込クレジットカード,北海道北海道北海道北海道北海道北海道,VIP20VIP20,5087.87,393.56,0.0,4694.3099999999995,4694.3099999999995
74,C00075,2022-02-27,伊藤 大和,customer00075@example.jp,東京都,渋谷区,中小企業,SNS,シルバー,有,"1,200万円以上",C00075,O000102O000235O000332,2025-03-252024-01-112025-06-19,配達完了配達完了配達完了,ウェブモールウェブ,クレジットカードクレジットカード銀行振込,東京都東京都東京都,B2B5FREESHIP,1780.5,15.95,0.0,1764.5500000000002,1764.5500000000002
75,C00076,2025-04-05,高橋 樹,customer00076@example.jp,東京都,世田谷区,中小企業,提携先,ブロンズ,有,"800～1,200万円",C00076,O000191,2024-09-09,配達完了,モバイルアプリ,スマホ決済,東京都,,969.96,0.0,0.0,969.96,969.96
76,C00077,2023-03-27,鈴木 蓮,customer00077@example.jp,大阪府,堺市,大企業,紹介,シルバー,有,500～800万円,C00077,O000063,2025-12-05,キャンセル,ウェブ,請求書払い,大阪府,B2B5,934.49,46.72,0.0,887.77,887.77
77,C00078,2022-05-04,高橋 大和,customer00078@example.jp,神奈川県,相模原市,中小企業,提携先,ブロンズ,有,300万円未満,C00078,O000315O000354,2025-04-222025-05-11,配達完了配達完了,ウェブ営業担当,クレジットカードクレジットカード,神奈川県神奈川県,WELCOME10,1730.84,57.8,0.0,1673.04,1673.04
78,C00079,2022-02-18,佐藤 悠真,customer00079@example.jp,大阪府,豊中市,中小企業,自然検索,シルバー,有,300万円未満,C00079,O000247,2024-09-14,配達完了,営業担当,クレジットカード,大阪府,,1096.72,0.0,0.0,1096.72,1096.72
79,C00080,2024-04-17,高橋 蓮,customer00080@example.jp,東京都,世田谷区,個人,広告検索,ブロンズ,有,300万円未満,C00080,O000289O000641,2025-01-132025-11-08,配達完了発送済み,モバイルアプリモバイルアプリ,スマホ決済請求書払い,東京都東京都,WELCOME10B2B5,2048.56,143.2,0.0,1905.3600000000001,1905.36
80,C00081,2025-07-21,高橋 凛,customer00081@example.jp,東京都,新宿区,個人,広告検索,ブロンズ,有,300～500万円,C00081,O000046,2024-10-02,配達完了,ウェブ,銀行振込,東京都,,667.61,0.0,0.0,667.61,667.61
81,C00082,2025-02-26,中村 樹,customer00082@example.jp,東京都,千代田区,個人,広告検索,シルバー,有,300万円未満,C00082,O000020O000184O000186O000415,2025-04-022025-12-122025-07-052024-10-06,配達完了配達完了キャンセル配達完了,モバイルアプリモバイルアプリウェブモール,クレジットカード銀行振込クレジットカード請求書払い,東京都東京都東京都東京都,SPRING15WELCOME10,3346.6499999999996,191.48,5.9,3161.0699999999997,3149.27
82,C00083,2025-03-26,高橋 悠真,customer00083@example.jp,愛知県,岡崎市,個人,提携先,プラチナ,有,"800～1,200万円",C00083,O000209O000316,2025-04-122025-05-30,配達完了配達完了,ウェブウェブ,クレジットカード銀行振込,愛知県愛知県,VIP20,504.78999999999996,63.88,0.0,440.90999999999997,440.90999999999997
83,C00084,2023-11-04,中村 悠真,customer00084@example.jp,東京都,千代田区,中小企業,広告検索,ブロンズ,有,"800～1,200万円",C00084,O000353,2025-09-29,配達完了,モバイルアプリ,クレジットカード,東京都,,498.42,0.0,0.0,498.42,498.42
84,C00085,2024-09-24,鈴木 葵,customer00085@example.jp,大阪府,堺市,個人,広告検索,ゴールド,有,300～500万円,C00085,O000147O000208O000216O000268O000626,2024-11-212024-04-162025-04-232025-09-262024-03-22,処理中配達完了キャンセル発送済み配達完了,営業担当モバイルアプリモバイルアプリウェブウェブ,クレジットカードクレジットカードスマホ決済クレジットカードスマホ決済,大阪府大阪府大阪府大阪府大阪府,WELCOME10WELCOME10FREESHIP,2314.7400000000002,35.69,11.8,2290.8500000000004,2267.25
85,C00086,2024-09-29,佐藤 結菜,customer00086@example.jp,大阪府,堺市,個人,提携先,ゴールド,有,300万円未満,C00086,O000084O000270O000337O000379,2024-02-072024-08-302024-10-242024-09-28,発送済み配達完了配達完了配達完了,モバイルアプリウェブモールモバイルアプリ,クレジットカード銀行振込銀行振込クレジットカード,大阪府大阪府大阪府大阪府,,3892.42,0.0,0.0,3892.42,3892.42
86,C00087,2024-01-22,山本 葵,customer00087@example.jp,愛知県,岡崎市,個人,広告検索,ブロンズ,有,"800～1,200万円",,,,,,,,,,,,,
87,C00088,2022-05-23,田中 悠真,customer00088@example.jp,東京都,渋谷区,個人,自然検索,ブロンズ,有,300万円未満,C00088,O000252O000418O000502O000583O000638,2024-05-132024-11-282025-02-062025-02-142024-07-25,配達完了配達完了配達完了配達完了配達完了,モバイルアプリウェブウェブモバイルアプリウェブ,クレジットカードクレジットカードコンビニ払いクレジットカードスマホ決済,東京都東京都東京都東京都東京都,SPRING15,2977.9700000000003,36.5,0.0,2941.4700000000003,2941.4700000000003
88,C00089,2024-02-15,伊藤 陽葵,customer00089@example.jp,福岡県,福岡市,個人,自然検索,シルバー,有,300万円未満,C00089,O000445O000493,2025-11-202024-11-15,配達完了処理中,モバイルアプリウェブ,クレジットカードスマホ決済,福岡県福岡県,,2440.31,0.0,0.0,2440.31,2440.31
89,C00090,2025-12-10,田中 樹,customer00090@example.jp,北海道,函館市,中小企業,提携先,シルバー,有,500～800万円,C00090,O000119O000282O000310O000411O000675,2025-09-032025-08-052025-11-212024-06-122024-06-08,配達完了配達完了配達完了配達完了配達完了,ウェブモバイルアプリモバイルアプリウェブウェブ,クレジットカードクレジットカードクレジットカードコンビニ払い請求書払い,北海道北海道北海道北海道北海道,SPRING15,3669.28,203.69,0.0,3465.59,3465.59
90,C00091,2024-09-26,佐藤 さくら,customer00091@example.jp,愛知県,岡崎市,中小企業,自然検索,ブロンズ,有,"1,200万円以上",C00091,O000475,2025-09-20,配達完了,ウェブ,スマホ決済,愛知県,,207.87,0.0,0.0,207.87,207.87
91,C00092,2022-05-31,高橋 陽葵,customer00092@example.jp,愛知県,岡崎市,個人,広告検索,ブロンズ,有,300～500万円,C00092,O000369O000504,2025-03-292025-04-13,キャンセル発送済み,ウェブモバイルアプリ,銀行振込コンビニ払い,愛知県愛知県,SPRING15SPRING15,1483.6999999999998,222.56,0.0,1261.14,1261.1399999999999
92,C00093,2023-02-27,佐藤 さくら,customer00093@example.jp,東京都,世田谷区,個人,紹介,ゴールド,無,"800～1,200万円",,,,,,,,,,,,,
93,C00094,2025-06-27,佐藤 蓮,customer00094@example.jp,愛知県,名古屋市,中小企業,広告検索,ゴールド,有,300～500万円,C00094,O000206,2025-10-25,キャンセル,ウェブ,コンビニ払い,愛知県,SPRING15,1398.68,209.8,0.0,1188.88,1188.88
94,C00095,2022-12-25,田中 陽葵,customer00095@example.jp,福岡県,福岡市,個人,提携先,ゴールド,有,"800～1,200万円",C00095,O000040O000054O000643O000682,2025-02-142024-10-062025-09-022025-11-10,処理中配達完了返品済み配達完了,モールモバイルアプリモバイルアプリモバイルアプリ,コンビニ払いクレジットカード請求書払い請求書払い,福岡県福岡県福岡県福岡県,B2B5,1854.8799999999999,9.53,0.0,1845.35,1845.35
95,C00096,2023-04-27,高橋 葵,customer00096@example.jp,福岡県,福岡市,中小企業,店頭,ブロンズ,有,"1,200万円以上",C00096,O000350,2025-07-22,配達完了,モール,クレジットカード,福岡県,,1049.84,0.0,0.0,1049.84,1049.84
96,C00097,2025-01-19,高橋 陽葵,customer00097@example.jp,大阪府,吹田市,個人,自然検索,ブロンズ,有,300万円未満,C00097,O000291O000461,2025-06-052024-06-14,配達完了処理中,ウェブウェブ,クレジットカードクレジットカード,大阪府大阪府,,942.0799999999999,0.0,5.9,947.98,936.18
97,C00098,2025-03-06,高橋 結菜,customer00098@example.jp,大阪府,堺市,個人,広告検索,ブロンズ,有,300～500万円,C00098,O000074O000313O000635,2025-03-032025-11-092025-09-02,配達完了配達完了発送済み,ウェブウェブモール,銀行振込クレジットカードクレジットカード,大阪府大阪府大阪府,VIP20,2496.4,58.95,0.0,2437.45,2437.45
98,C00099,2023-10-21,田中 結菜,customer00099@example.jp,愛知県,豊田市,個人,提携先,ゴールド,有,500～800万円,C00099,O000296O000568,2025-05-132024-02-29,発送済み処理中,モバイルアプリウェブ,スマホ決済クレジットカード,愛知県愛知県,,1187.82,0.0,0.0,1187.82,1187.82
99,C00100,2024-11-02,鈴木 凛,customer00100@example.jp,愛知県,豊田市,大企業,広告検索,ゴールド,有,500～800万円,C00100,O000290O000705,2024-04-282024-11-14,配達完了配達完了,ウェブ営業担当,請求書払いクレジットカード,愛知県愛知県,FREESHIPWELCOME10,2194.46,96.8,0.0,2097.66,2097.66
100,C00101,2024-05-19,中村 凛,customer00101@example.jp,福岡県,北九州市,個人,広告検索,ブロンズ,有,500～800万円,C00101,O000145,2025-11-21,配達完了,ウェブ,スマホ決済,福岡県,,239.38,0.0,0.0,239.38,239.38
101,C00102,2023-10-18,渡辺 陽翔,customer00102@example.jp,千葉県,千葉市,個人,広告検索,シルバー,有,"800～1,200万円",C00102,O000565,2025-07-16,配達完了,ウェブ,コンビニ払い,千葉県,,1282.23,0.0,0.0,1282.23,1282.23
102,C00103,2025-02-08,中村 蓮,customer00103@example.jp,大阪府,吹田市,個人,紹介,ブロンズ,有,"1,200万円以上",,,,,,,,,,,,,
103,C00104,2022-02-28,佐藤 悠真,customer00104@example.jp,愛知県,名古屋市,大企業,自然検索,シルバー,有,"800～1,200万円",C00104,O000511O000538,2024-08-062024-01-09,配達完了配達完了,モバイルアプリ営業担当,コンビニ払いクレジットカード,愛知県愛知県,,1174.26,0.0,0.0,1174.26,1174.26
104,C00105,2022-02-03,佐藤 悠真,customer00105@example.jp,福岡県,福岡市,中小企業,提携先,ブロンズ,有,300万円未満,C00105,O000244O000256,2025-11-142024-07-05,配達完了配達完了,ウェブ営業担当,コンビニ払い銀行振込,福岡県福岡県,WELCOME10SPRING15,1386.27,191.09,0.0,1195.1799999999998,1195.1799999999998
105,C00106,2023-06-25,渡辺 葵,customer00106@example.jp,神奈川県,横浜市,中小企業,広告検索,シルバー,有,300～500万円,C00106,O000712,2024-04-20,配達完了,ウェブ,スマホ決済,神奈川県,B2B5,1215.63,60.78,0.0,1154.85,1154.8500000000001
106,C00107,2022-07-03,中村 悠真,customer00107@example.jp,北海道,函館市,個人,提携先,ブロンズ,有,"800～1,200万円",C00107,O000307O000410O000545O000707,2024-09-052024-01-152024-05-232024-09-04,配達完了配達完了配達完了発送済み,ウェブモバイルアプリウェブモール,クレジットカード請求書払いスマホ決済コンビニ払い,北海道北海道北海道北海道,FREESHIPWELCOME10,2551.32,78.71,5.9,2478.5099999999998,2466.71
107,C00108,2022-05-25,伊藤 樹,customer00108@example.jp,東京都,世田谷区,個人,自然検索,プラチナ,有,500～800万円,C00108,O000148O000259O000286,2024-06-052024-07-122025-09-22,配達完了配達完了配達完了,モールモールウェブ,銀行振込クレジットカードコンビニ払い,東京都東京都東京都,SPRING15,2064.09,38.55,0.0,2025.5400000000002,2025.5400000000002
108,C00109,2025-07-29,渡辺 陽葵,customer00109@example.jp,大阪府,大阪市,個人,店頭,ブロンズ,有,500～800万円,C00109,O000539,2025-01-04,配達完了,ウェブ,クレジットカード,大阪府,,908.14,0.0,0.0,908.14,908.14
109,C00110,2025-03-28,佐藤 葵,customer00110@example.jp,東京都,新宿区,個人,SNS,シルバー,有,500～800万円,,,,,,,,,,,,,
110,C00111,2022-06-28,山本 葵,customer00111@example.jp,東京都,千代田区,大企業,自然検索,シルバー,有,300～500万円,C00111,O000099O000105O000370O000457O000690,2025-02-182025-12-142024-12-092025-02-042024-11-21,キャンセル配達完了配達完了発送済み配達完了,モバイルアプリモバイルアプリモバイルアプリウェブモール,請求書払いクレジットカードクレジットカードスマホ決済クレジットカード,東京都東京都東京都東京都東京都,FREESHIP,5439.97,0.0,0.0,5439.97,5439.97
111,C00112,2024-04-16,高橋 大和,customer00112@example.jp,東京都,新宿区,個人,SNS,ゴールド,有,500～800万円,C00112,O000194O000358,2024-12-022024-02-06,配達完了配達完了,ウェブ営業担当,クレジットカードスマホ決済,東京都東京都,WELCOME10WELCOME10,1382.27,138.23,0.0,1244.04,1244.04
112,C00113,2024-05-13,佐藤 陽葵,customer00113@example.jp,大阪府,吹田市,個人,自然検索,ブロンズ,無,300～500万円,,,,,,,,,,,,,
113,C00114,2022-03-26,鈴木 芽依,customer00114@example.jp,北海道,札幌市,大企業,自然検索,シルバー,有,300～500万円,C00114,O000402O000621O000677,2024-02-282025-09-292025-01-29,返品済み配達完了配達完了,ウェブモバイルアプリモバイルアプリ,コンビニ払いクレジットカードクレジットカード,北海道北海道北海道,VIP20B2B5,2816.37,191.76,0.0,2624.6099999999997,2624.61
114,C00115,2023-07-08,高橋 結菜,customer00115@example.jp,北海道,札幌市,中小企業,自然検索,ゴールド,無,300～500万円,,,,,,,,,,,,,
115,C00116,2024-09-19,鈴木 湊,customer00116@example.jp,北海道,函館市,大企業,紹介,ブロンズ,無,300万円未満,,,,,,,,,,,,,
116,C00117,2025-11-26,田中 湊,customer00117@example.jp,福岡県,久留米市,中小企業,自然検索,ゴールド,有,300～500万円,C00117,O000166O000450O000452O000642,2025-03-242025-12-132024-04-142024-07-31,配達完了返品済み配達完了発送済み,モールウェブモバイルアプリウェブ,クレジットカードクレジットカードスマホ決済コンビニ払い,福岡県福岡県福岡県福岡県,B2B5,4094.7799999999997,52.59,0.0,4042.19,4042.1899999999996
117,C00118,2024-02-04,山本 樹,customer00118@example.jp,東京都,千代田区,個人,自然検索,シルバー,有,"1,200万円以上",C00118,O000599,2025-07-23,配達完了,ウェブ,銀行振込,東京都,,493.26,0.0,0.0,493.26,493.26
118,C00119,2024-06-24,田中 さくら,customer00119@example.jp,北海道,札幌市,大企業,SNS,ブロンズ,有,"800～1,200万円",C00119,O000306,2025-12-26,キャンセル,ウェブ,銀行振込,北海道,,667.46,0.0,0.0,667.46,667.46
119,C00120,2022-01-03,山本 陽翔,customer00120@example.jp,福岡県,北九州市,中小企業,広告検索,ブロンズ,有,500～800万円,C00120,O000627O000701,2025-04-182024-10-10,発送済み発送済み,ウェブ営業担当,クレジットカードクレジットカード,福岡県福岡県,,2437.98,0.0,0.0,2437.98,2437.98
120,C00121,2023-02-21,渡辺 凛,customer00121@example.jp,北海道,札幌市,個人,自然検索,ブロンズ,有,"800～1,200万円",C00121,O000540,2025-12-23,配達完了,営業担当,スマホ決済,北海道,,1037.63,0.0,0.0,1037.63,1037.63
121,C00122,2025-02-28,渡辺 結菜,customer00122@example.jp,大阪府,豊中市,個人,店頭,ブロンズ,有,"1,200万円以上",C00122,O000178,2024-11-23,配達完了,ウェブ,クレジットカード,大阪府,,112.81,0.0,5.9,118.71,106.91
122,C00123,2022-03-22,中村 芽依,customer00123@example.jp,東京都,千代田区,個人,紹介,ブロンズ,有,500～800万円,C00123,O000101O000111,2025-08-302024-10-15,発送済み配達完了,ウェブ営業担当,クレジットカードスマホ決済,東京都東京都,WELCOME10,1990.25,132.26,0.0,1857.9900000000002,1857.9900000000002
123,C00124,2025-10-20,佐藤 凛,customer00124@example.jp,千葉県,千葉市,個人,提携先,プラチナ,有,300～500万円,C00124,O000714,2024-05-02,返品済み,モール,クレジットカード,千葉県,,1196.11,0.0,0.0,1196.11,1196.11
124,C00125,2025-09-02,高橋 結菜,customer00125@example.jp,愛知県,岡崎市,個人,自然検索,ゴールド,有,300～500万円,C00125,O000001O000213O000269,2025-10-162025-05-172025-03-27,配達完了配達完了配達完了,ウェブモールモール,クレジットカード銀行振込銀行振込,愛知県愛知県愛知県,B2B5FREESHIP,1077.31,32.52,5.9,1050.69,1038.89
125,C00126,2022-02-24,鈴木 芽依,customer00126@example.jp,神奈川県,相模原市,個人,紹介,ゴールド,有,300万円未満,C00126,O000496O000558O000659,2024-11-262025-10-202025-07-14,配達完了配達完了配達完了,ウェブモバイルアプリウェブ,コンビニ払いクレジットカード銀行振込,神奈川県神奈川県神奈川県,FREESHIPWELCOME10,2234.55,130.66,0.0,2103.8900000000003,2103.8900000000003
126,C00127,2022-10-02,田中 さくら,customer00127@example.jp,東京都,千代田区,大企業,提携先,ブロンズ,有,"800～1,200万円",C00127,O000580,2025-02-22,配達完了,ウェブ,クレジットカード,東京都,,832.21,0.0,0.0,832.21,832.21
127,C00128,2025-02-12,渡辺 さくら,customer00128@example.jp,東京都,新宿区,中小企業,紹介,プラチナ,有,500～800万円,C00128,O000065O000149O000588,2024-04-052025-02-282025-10-10,配達完了配達完了配達完了,営業担当モバイルアプリウェブ,銀行振込クレジットカード銀行振込,東京都東京都東京都,WELCOME10,2718.84,55.19,0.0,2663.65,2663.65
128,C00129,2023-07-12,渡辺 樹,customer00129@example.jp,大阪府,豊中市,中小企業,SNS,ブロンズ,有,500～800万円,C00129,O000623O000700O000709,2025-01-292025-06-122024-08-07,処理中配達完了処理中,モバイルアプリウェブモバイルアプリ,銀行振込クレジットカードクレジットカード,大阪府大阪府大阪府,SPRING15FREESHIPSPRING15,3012.04,307.56,0.0,2704.48,2704.48
129,C00130,2022-03-08,伊藤 陽翔,customer00130@example.jp,北海道,旭川市,個人,店頭,ブロンズ,有,500～800万円,C00130,O000036O000172O000440,2025-01-152024-03-302024-04-22,配達完了配達完了配達完了,営業担当モバイルアプリモバイルアプリ,クレジットカードクレジットカード請求書払い,北海道北海道北海道,B2B5,2319.95,48.73,0.0,2271.2200000000003,2271.2200000000003
130,C00131,2025-02-26,鈴木 陽葵,customer00131@example.jp,北海道,函館市,個人,紹介,ブロンズ,有,"800～1,200万円",C00131,O000072O000395O000428,2025-12-292025-03-032024-06-29,配達完了配達完了配達完了,ウェブウェブウェブ,銀行振込銀行振込スマホ決済,北海道北海道北海道,FREESHIP,3090.67,0.0,0.0,3090.67,3090.67
131,C00132,2023-08-04,佐藤 蓮,customer00132@example.jp,神奈川県,川崎市,中小企業,広告検索,ブロンズ,有,"1,200万円以上",C00132,O000153O000156O000620,2025-07-142024-01-122024-12-07,配達完了配達完了キャンセル,モールモバイルアプリモバイルアプリ,クレジットカードスマホ決済コンビニ払い,神奈川県神奈川県神奈川県,FREESHIP,2772.3199999999997,0.0,0.0,2772.3199999999997,2772.3199999999997
132,C00133,2025-02-26,田中 結菜,customer00133@example.jp,東京都,世田谷区,中小企業,自然検索,シルバー,有,300～500万円,C00133,O000159O000176O000380O000386O000480O000663,2025-12-282025-01-112024-09-202025-04-062025-08-262025-10-25,配達完了配達完了配達完了処理中キャンセル配達完了,モバイルアプリウェブウェブ営業担当ウェブウェブ,クレジットカードクレジットカードコンビニ払い請求書払い請求書払い請求書払い,東京都東京都東京都東京都東京都東京都,WELCOME10WELCOME10B2B5,5599.63,299.90000000000003,5.9,5305.63,5293.83
133,C00134,2022-03-25,田中 大和,customer00134@example.jp,大阪府,吹田市,個人,広告検索,ゴールド,有,500～800万円,C00134,O000409O000528O000704,2024-11-112024-07-232025-09-18,配達完了発送済み配達完了,ウェブウェブウェブ,スマホ決済スマホ決済銀行振込,大阪府大阪府大阪府,FREESHIPFREESHIP,2073.58,0.0,0.0,2073.58,2073.58
134,C00135,2022-02-17,渡辺 湊,customer00135@example.jp,神奈川県,横浜市,個人,自然検索,ブロンズ,無,500～800万円,,,,,,,,,,,,,
135,C00136,2024-11-26,渡辺 悠真,customer00136@example.jp,千葉県,柏市,個人,広告検索,シルバー,有,500～800万円,C00136,O000053O000129O000406O000629,2024-09-112024-09-072025-02-172024-12-02,配達完了配達完了発送済み配達完了,ウェブウェブウェブモバイルアプリ,スマホ決済コンビニ払いコンビニ払いクレジットカード,千葉県千葉県千葉県千葉県,SPRING15,716.3,42.35,11.8,685.75,662.15
136,C00137,2024-03-05,中村 大和,customer00137@example.jp,愛知県,岡崎市,個人,SNS,ブロンズ,無,300～500万円,C00137,O000557,2024-05-11,配達完了,モバイルアプリ,銀行振込,愛知県,SPRING15,197.56,29.63,0.0,167.93,167.93
137,C00138,2023-02-04,山本 陽翔,customer00138@example.jp,東京都,渋谷区,中小企業,広告検索,ブロンズ,無,300万円未満,,,,,,,,,,,,,
138,C00139,2024-09-18,佐藤 凛,customer00139@example.jp,千葉県,千葉市,中小企業,広告検索,ブロンズ,有,500～800万円,C00139,O000473O000516,2025-11-282025-12-22,配達完了配達完了,ウェブモール,クレジットカードスマホ決済,千葉県千葉県,FREESHIPSPRING15,1433.99,41.91,0.0,1392.08,1392.08
139,C00140,2022-07-06,佐藤 樹,customer00140@example.jp,愛知県,名古屋市,大企業,SNS,シルバー,有,"800～1,200万円",C00140,O000038O000694,2025-09-022025-11-14,配達完了配達完了,モバイルアプリ営業担当,クレジットカードクレジットカード,愛知県愛知県,VIP20,1779.58,237.2,0.0,1542.38,1542.3799999999999
140,C00141,2022-09-21,高橋 陽翔,customer00141@example.jp,東京都,渋谷区,個人,広告検索,ブロンズ,有,"1,200万円以上",C00141,O000219,2024-05-24,配達完了,ウェブ,クレジットカード,東京都,,267.41,0.0,0.0,267.41,267.41
141,C00142,2023-03-30,山本 葵,customer00142@example.jp,東京都,新宿区,個人,自然検索,ブロンズ,無,300万円未満,,,,,,,,,,,,,
142,C00143,2025-10-18,山本 大和,customer00143@example.jp,愛知県,岡崎市,個人,SNS,ゴールド,有,"1,200万円以上",C00143,O000024O000419O000610,2025-08-202024-02-122025-08-18,発送済み配達完了配達完了,ウェブモバイルアプリウェブ,クレジットカードスマホ決済クレジットカード,愛知県愛知県愛知県,SPRING15WELCOME10,2790.9,291.54,0.0,2499.36,2499.36
143,C00144,2024-06-20,鈴木 陽葵,customer00144@example.jp,大阪府,吹田市,個人,提携先,シルバー,有,"800～1,200万円",C00144,O000137O000613,2025-07-222025-06-27,配達完了配達完了,モバイルアプリモバイルアプリ,クレジットカードクレジットカード,大阪府大阪府,WELCOME10VIP20,1463.54,168.15,0.0,1295.3899999999999,1295.3899999999999
144,C00145,2022-10-14,伊藤 さくら,customer00145@example.jp,神奈川県,横浜市,中小企業,自然検索,シルバー,有,500～800万円,C00145,O000226O000276,2025-08-222025-09-10,配達完了配達完了,ウェブウェブ,クレジットカード銀行振込,神奈川県神奈川県,SPRING15,1150.2099999999998,155.15,5.9,1000.96,989.16
145,C00146,2023-12-25,田中 大和,customer00146@example.jp,福岡県,福岡市,中小企業,紹介,プラチナ,有,500～800万円,C00146,O000416,2024-10-14,配達完了,モバイルアプリ,スマホ決済,福岡県,,903.39,0.0,0.0,903.39,903.39
146,C00147,2024-01-22,伊藤 悠真,customer00147@example.jp,千葉県,船橋市,個人,SNS,ブロンズ,有,300万円未満,C00147,O000397O000448,2024-09-072025-08-22,配達完了発送済み,モバイルアプリモール,スマホ決済コンビニ払い,千葉県千葉県,WELCOME10,1640.44,138.07,0.0,1502.3700000000001,1502.3700000000001
147,C00148,2025-01-19,伊藤 芽依,customer00148@example.jp,福岡県,福岡市,個人,広告検索,シルバー,有,300万円未満,C00148,O000135O000151O000190,2025-01-032024-10-262024-05-16,発送済み発送済み返品済み,モールモールモバイルアプリ,スマホ決済コンビニ払いスマホ決済,福岡県福岡県福岡県,WELCOME10WELCOME10,2203.2,102.82,0.0,2100.38,2100.38
148,C00149,2025-09-07,高橋 葵,customer00149@example.jp,愛知県,豊田市,個人,紹介,シルバー,無,"1,200万円以上",,,,,,,,,,,,,
149,C00150,2022-11-03,田中 悠真,customer00150@example.jp,愛知県,豊田市,中小企業,自然検索,シルバー,有,500～800万円,C00150,O000297O000393O000533O000600,2025-12-092024-01-272025-03-172024-08-08,返品済み配達完了配達完了配達完了,モバイルアプリウェブモバイルアプリウェブ,銀行振込スマホ決済スマホ決済銀行振込,愛知県愛知県愛知県愛知県,SPRING15B2B5,2642.52,188.36,5.9,2460.06,2448.26
150,C00151,2023-01-19,伊藤 葵,customer00151@example.jp,神奈川県,横浜市,個人,提携先,シルバー,有,300～500万円,C00151,O000308O000357O000363O000489,2024-04-222024-06-302024-02-172025-10-08,発送済み処理中配達完了配達完了,ウェブモバイルアプリモールウェブ,スマホ決済クレジットカードスマホ決済銀行振込,神奈川県神奈川県神奈川県神奈川県,WELCOME10SPRING15B2B5,2808.61,174.27,0.0,2634.34,2634.3399999999997
151,C00152,2022-05-24,山本 湊,customer00152@example.jp,東京都,新宿区,個人,提携先,シルバー,有,500～800万円,C00152,O000266O000272,2025-01-292024-02-24,配達完了配達完了,ウェブモバイルアプリ,クレジットカードクレジットカード,東京都東京都,,1979.43,0.0,0.0,1979.43,1979.43
152,C00153,2025-09-27,伊藤 芽依,customer00153@example.jp,千葉県,千葉市,中小企業,店頭,ブロンズ,有,"800～1,200万円",C00153,O000377O000443,2025-12-062024-04-16,配達完了処理中,モールウェブ,クレジットカードスマホ決済,千葉県千葉県,,1641.05,0.0,0.0,1641.05,1641.05
153,C00154,2024-09-11,伊藤 葵,customer00154@example.jp,東京都,新宿区,個人,SNS,プラチナ,有,300～500万円,C00154,O000281O000404O000491,2025-04-282025-11-302025-03-04,発送済み配達完了発送済み,モバイルアプリウェブモバイルアプリ,クレジットカード銀行振込クレジットカード,東京都東京都東京都,B2B5,1943.21,43.19,0.0,1900.02,1900.02
154,C00155,2024-07-07,山本 さくら,customer00155@example.jp,東京都,渋谷区,中小企業,SNS,ブロンズ,有,300万円未満,C00155,O000263O000346O000482O000686,2024-11-152024-12-212024-12-232025-02-01,配達完了配達完了配達完了配達完了,モバイルアプリ営業担当ウェブウェブ,クレジットカードスマホ決済スマホ決済銀行振込,東京都東京都東京都東京都,B2B5FREESHIP,3565.42,58.38,0.0,3507.04,3507.04
155,C00156,2022-07-14,伊藤 悠真,customer00156@example.jp,神奈川県,相模原市,中小企業,提携先,ブロンズ,有,"1,200万円以上",,,,,,,,,,,,,
156,C00157,2022-08-25,中村 芽依,customer00157@example.jp,東京都,新宿区,個人,広告検索,ブロンズ,有,300～500万円,C00157,O000025O000034O000474O000570,2024-01-052025-04-132024-10-272024-03-28,配達完了発送済みキャンセル配達完了,モール営業担当モバイルアプリモール,銀行振込クレジットカードクレジットカードクレジットカード,東京都東京都東京都東京都,WELCOME10,3139.8,62.3,0.0,3077.5,3077.5
157,C00158,2023-10-07,田中 芽依,customer00158@example.jp,大阪府,堺市,個人,SNS,シルバー,有,300～500万円,C00158,O000232O000506,2024-08-262025-04-21,配達完了配達完了,モバイルアプリモバイルアプリ,コンビニ払いクレジットカード,大阪府大阪府,,2158.52,0.0,0.0,2158.52,2158.52
158,C00159,2023-01-17,渡辺 芽依,customer00159@example.jp,神奈川県,藤沢市,個人,自然検索,シルバー,有,300～500万円,C00159,O000016O000071,2025-05-232024-04-29,配達完了配達完了,ウェブウェブ,クレジットカードスマホ決済,神奈川県神奈川県,FREESHIPFREESHIP,2622.97,0.0,0.0,2622.97,2622.97
159,C00160,2025-10-22,高橋 大和,customer00160@example.jp,東京都,渋谷区,個人,自然検索,ブロンズ,有,500～800万円,C00160,O000341O000344O000396,2025-09-262025-02-212024-11-20,配達完了配達完了キャンセル,ウェブモバイルアプリモール,銀行振込請求書払いスマホ決済,東京都東京都東京都,WELCOME10,1429.69,54.22,5.9,1381.3700000000001,1369.57
160,C00161,2025-02-06,田中 大和,customer00161@example.jp,神奈川県,横浜市,中小企業,自然検索,ブロンズ,有,300万円未満,C00161,O000225,2024-10-08,処理中,ウェブ,スマホ決済,神奈川県,,135.67,0.0,5.9,141.57,129.76999999999998
161,C00162,2022-06-13,山本 結菜,customer00162@example.jp,北海道,函館市,中小企業,広告検索,ゴールド,有,300～500万円,C00162,O000043O000164O000265O000602,2024-07-082024-12-142024-02-032024-01-05,配達完了配達完了処理中配達完了,ウェブウェブウェブウェブ,銀行振込銀行振込クレジットカードコンビニ払い,北海道北海道北海道北海道,WELCOME10,3049.7599999999998,64.93,0.0,2984.83,2984.83
162,C00163,2025-06-28,山本 さくら,customer00163@example.jp,大阪府,堺市,個人,SNS,プラチナ,有,500～800万円,C00163,O000138O000257,2025-09-202025-10-21,配達完了配達完了,ウェブウェブ,コンビニ払いクレジットカード,大阪府大阪府,,199.47,0.0,11.8,211.27,187.67000000000002
163,C00164,2025-04-23,渡辺 凛,customer00164@example.jp,東京都,千代田区,個人,SNS,ゴールド,有,500～800万円,C00164,O000368O000423,2024-09-112024-05-04,配達完了キャンセル,モールモール,スマホ決済コンビニ払い,東京都東京都,WELCOME10,719.29,55.02,0.0,664.27,664.27
164,C00165,2023-08-06,伊藤 結菜,customer00165@example.jp,神奈川県,川崎市,個人,SNS,ゴールド,無,500～800万円,,,,,,,,,,,,,
165,C00166,2023-07-21,中村 陽翔,customer00166@example.jp,神奈川県,川崎市,個人,広告検索,シルバー,有,300～500万円,C00166,O000326O000394O000556,2024-12-062025-04-042024-06-11,配達完了配達完了配達完了,モバイルアプリウェブ営業担当,クレジットカードスマホ決済クレジットカード,神奈川県神奈川県神奈川県,,2475.19,0.0,0.0,2475.19,2475.19
166,C00167,2023-09-14,田中 結菜,customer00167@example.jp,神奈川県,横浜市,大企業,広告検索,シルバー,有,"800～1,200万円",C00167,O000202O000530,2024-01-202025-08-11,返品済み発送済み,ウェブモール,スマホ決済クレジットカード,神奈川県神奈川県,WELCOME10,1843.54,105.88,0.0,1737.6599999999999,1737.6599999999999
167,C00168,2022-10-01,鈴木 結菜,customer00168@example.jp,東京都,世田谷区,大企業,SNS,ブロンズ,有,300万円未満,C00168,O000146O000200O000230O000708,2025-03-212025-06-202024-08-272024-06-06,発送済み配達完了配達完了配達完了,ウェブウェブモバイルアプリ営業担当,スマホ決済銀行振込スマホ決済銀行振込,東京都東京都東京都東京都,WELCOME10FREESHIP,2856.0,72.36,0.0,2783.6400000000003,2783.6400000000003
168,C00169,2023-01-06,佐藤 芽依,customer00169@example.jp,愛知県,豊田市,個人,SNS,ブロンズ,有,"800～1,200万円",C00169,O000009O000422O000666,2025-03-312024-11-262024-07-26,返品済み配達完了発送済み,モールモバイルアプリモバイルアプリ,クレジットカードスマホ決済銀行振込,愛知県愛知県愛知県,WELCOME10,2324.76,73.85,0.0,2250.91,2250.91
169,C00170,2024-05-05,高橋 陽葵,customer00170@example.jp,神奈川県,藤沢市,個人,広告検索,シルバー,有,500～800万円,C00170,O000060O000062O000309,2025-07-192025-02-192024-09-08,配達完了配達完了配達完了,ウェブモバイルアプリモバイルアプリ,スマホ決済クレジットカードクレジットカード,神奈川県神奈川県神奈川県,B2B5VIP20,2123.44,226.28,0.0,1897.16,1897.16
170,C00171,2023-11-24,山本 凛,customer00171@example.jp,愛知県,豊田市,大企業,広告検索,ブロンズ,有,500～800万円,,,,,,,,,,,,,
171,C00172,2023-05-16,佐藤 芽依,customer00172@example.jp,福岡県,北九州市,個人,SNS,ブロンズ,有,300～500万円,C00172,O000470O000477,2024-11-042024-01-01,配達完了キャンセル,モバイルアプリモール,スマホ決済銀行振込,福岡県福岡県,WELCOME10,2504.98,113.24,0.0,2391.74,2391.74
172,C00173,2023-12-23,渡辺 芽依,customer00173@example.jp,愛知県,岡崎市,個人,紹介,シルバー,有,300万円未満,C00173,O000696,2024-07-20,配達完了,モバイルアプリ,スマホ決済,愛知県,,402.17,0.0,0.0,402.17,402.17
173,C00174,2025-12-11,伊藤 結菜,customer00174@example.jp,神奈川県,横浜市,個人,SNS,ブロンズ,有,300万円未満,C00174,O000049O000531,2025-05-242024-07-22,処理中処理中,モバイルアプリモバイルアプリ,銀行振込スマホ決済,神奈川県神奈川県,B2B5,1318.8600000000001,31.06,0.0,1287.8000000000002,1287.8000000000002
174,C00175,2023-12-22,山本 結菜,customer00175@example.jp,愛知県,豊田市,個人,提携先,ブロンズ,有,500～800万円,,,,,,,,,,,,,
175,C00176,2022-05-27,田中 陽翔,customer00176@example.jp,千葉県,柏市,大企業,提携先,ブロンズ,有,"800～1,200万円",C00176,O000541O000543O000606,2025-01-152025-08-042025-05-18,返品済み配達完了返品済み,ウェブモバイルアプリウェブ,コンビニ払い銀行振込スマホ決済,千葉県千葉県千葉県,B2B5FREESHIP,1932.02,54.54,5.9,1883.38,1871.58
176,C00177,2023-04-07,伊藤 凛,customer00177@example.jp,神奈川県,藤沢市,個人,SNS,ブロンズ,有,300～500万円,C00177,O000096O000198O000294,2025-11-282025-01-202024-01-07,配達完了配達完了返品済み,ウェブウェブモバイルアプリ,スマホ決済銀行振込コンビニ払い,神奈川県神奈川県神奈川県,SPRING15VIP20,3092.08,505.07000000000005,0.0,2587.01,2587.01
177,C00178,2022-04-28,伊藤 樹,customer00178@example.jp,東京都,渋谷区,大企業,自然検索,ブロンズ,有,300～500万円,C00178,O000262O000563,2025-02-252024-02-28,配達完了配達完了,ウェブモール,銀行振込クレジットカード,東京都東京都,SPRING15,1801.48,136.16,0.0,1665.32,1665.3200000000002
178,C00179,2023-11-08,田中 大和,customer00179@example.jp,愛知県,名古屋市,大企業,SNS,ブロンズ,無,500～800万円,,,,,,,,,,,,,
179,C00180,2023-10-09,佐藤 湊,customer00180@example.jp,東京都,新宿区,中小企業,自然検索,シルバー,無,300～500万円,C00180,O000481,2024-07-04,配達完了,営業担当,銀行振込,東京都,,1338.84,0.0,0.0,1338.84,1338.84
180,C00181,2023-12-29,中村 陽翔,customer00181@example.jp,東京都,世田谷区,大企業,紹介,ゴールド,有,300～500万円,C00181,O000192O000525,2024-07-192024-11-02,配達完了返品済み,営業担当ウェブ,スマホ決済スマホ決済,東京都東京都,FREESHIP,1055.8700000000001,0.0,0.0,1055.8700000000001,1055.8700000000001
181,C00182,2024-11-26,中村 陽葵,customer00182@example.jp,東京都,新宿区,個人,広告検索,プラチナ,有,"800～1,200万円",C00182,O000017O000144,2024-02-162024-07-17,配達完了配達完了,ウェブウェブ,銀行振込クレジットカード,東京都東京都,,1325.8899999999999,0.0,0.0,1325.8899999999999,1325.8899999999999
182,C00183,2023-06-27,高橋 悠真,customer00183@example.jp,東京都,新宿区,個人,自然検索,シルバー,有,300万円未満,C00183,O000398O000434,2025-12-132024-09-20,発送済み発送済み,ウェブウェブ,クレジットカードスマホ決済,東京都東京都,B2B5SPRING15,435.93,33.26,5.9,408.57000000000005,396.77
183,C00184,2024-10-23,渡辺 悠真,customer00184@example.jp,神奈川県,横浜市,個人,自然検索,ブロンズ,無,500～800万円,,,,,,,,,,,,,
184,C00185,2023-10-23,山本 悠真,customer00185@example.jp,千葉県,船橋市,大企業,提携先,ブロンズ,有,300～500万円,C00185,O000285O000492O000501,2024-08-292024-09-192025-11-24,配達完了配達完了配達完了,ウェブウェブモバイルアプリ,請求書払いスマホ決済スマホ決済,千葉県千葉県千葉県,,1882.88,0.0,0.0,1882.88,1882.88
185,C00186,2024-07-22,伊藤 凛,customer00186@example.jp,千葉県,柏市,個人,広告検索,ブロンズ,有,"1,200万円以上",C00186,O000647,2025-08-06,配達完了,モール,クレジットカード,千葉県,,163.3,0.0,0.0,163.3,163.3
186,C00187,2025-03-25,山本 大和,customer00187@example.jp,北海道,函館市,個人,紹介,ブロンズ,有,300万円未満,C00187,O000167O000359O000633,2024-09-282025-02-122024-06-27,配達完了発送済み発送済み,ウェブモバイルアプリウェブ,スマホ決済クレジットカードスマホ決済,北海道北海道北海道,SPRING15WELCOME10,3140.76,247.20999999999998,0.0,2893.55,2893.55
187,C00188,2024-10-01,渡辺 陽葵,customer00188@example.jp,福岡県,北九州市,中小企業,自然検索,シルバー,有,500～800万円,C00188,O000033O000373O000523O000586,2025-05-052025-05-152025-10-162024-12-31,配達完了配達完了配達完了配達完了,モバイルアプリモバイルアプリモバイルアプリウェブ,スマホ決済銀行振込銀行振込クレジットカード,福岡県福岡県福岡県福岡県,VIP20WELCOME10VIP20WELCOME10,3025.3100000000004,404.02,0.0,2621.29,2621.29
188,C00189,2023-08-15,鈴木 結菜,customer00189@example.jp,東京都,世田谷区,個人,SNS,ブロンズ,有,"1,200万円以上",C00189,O000160O000193O000577,2025-05-272025-12-132025-06-24,配達完了発送済み配達完了,モバイルアプリウェブモバイルアプリ,スマホ決済スマホ決済クレジットカード,東京都東京都東京都,,400.06,0.0,11.8,411.86,388.26
189,C00190,2024-08-08,鈴木 陽翔,customer00190@example.jp,大阪府,吹田市,中小企業,SNS,シルバー,有,300万円未満,C00190,O000011O000106O000162O000179,2025-02-032024-08-292024-08-222024-08-14,配達完了配達完了配達完了配達完了,モバイルアプリ営業担当営業担当モール,スマホ決済クレジットカードスマホ決済スマホ決済,大阪府大阪府大阪府大阪府,WELCOME10B2B5,3837.4,153.79,0.0,3683.61,3683.61
190,C00191,2025-08-10,渡辺 芽依,customer00191@example.jp,神奈川県,川崎市,中小企業,SNS,シルバー,有,300～500万円,C00191,O000002O000134,2024-02-282024-03-16,配達完了配達完了,ウェブウェブ,クレジットカードスマホ決済,神奈川県神奈川県,WELCOME10,881.17,51.89,0.0,829.28,829.28
191,C00192,2024-08-20,山本 結菜,customer00192@example.jp,東京都,千代田区,個人,広告検索,シルバー,有,300万円未満,C00192,O000362O000564O000622,2025-01-042025-04-192024-02-24,配達完了配達完了発送済み,ウェブモバイルアプリウェブ,スマホ決済スマホ決済クレジットカード,東京都東京都東京都,FREESHIP,789.12,0.0,5.9,795.02,783.22
192,C00193,2023-02-27,田中 悠真,customer00193@example.jp,東京都,渋谷区,中小企業,SNS,ブロンズ,有,300～500万円,C00193,O000050O000094O000385O000389,2024-11-122025-07-242024-05-192025-06-19,配達完了配達完了配達完了処理中,モバイルアプリモバイルアプリモバイルアプリモバイルアプリ,クレジットカードスマホ決済クレジットカードクレジットカード,東京都東京都東京都東京都,B2B5,1766.04,15.45,0.0,1750.5900000000001,1750.5900000000001
193,C00194,2025-12-01,鈴木 大和,customer00194@example.jp,神奈川県,横浜市,中小企業,店頭,ブロンズ,有,300万円未満,C00194,O000212O000224O000592,2024-05-112024-05-212025-12-15,配達完了発送済み処理中,モバイルアプリウェブウェブ,クレジットカードスマホ決済クレジットカード,神奈川県神奈川県神奈川県,WELCOME10VIP20,1792.77,154.0,0.0,1638.77,1638.77
194,C00195,2025-02-05,中村 さくら,customer00195@example.jp,大阪府,大阪市,個人,広告検索,シルバー,有,500～800万円,C00195,O000519O000681,2024-10-252025-12-26,キャンセルキャンセル,ウェブモール,スマホ決済クレジットカード,大阪府大阪府,,1256.6,0.0,0.0,1256.6,1256.6
195,C00196,2024-07-17,佐藤 さくら,customer00196@example.jp,東京都,渋谷区,個人,提携先,ゴールド,有,500～800万円,C00196,O000251O000267,2024-02-212024-06-21,返品済み配達完了,ウェブモバイルアプリ,クレジットカードスマホ決済,東京都東京都,FREESHIP,1698.27,0.0,0.0,1698.27,1698.27
196,C00197,2024-02-17,佐藤 悠真,customer00197@example.jp,愛知県,名古屋市,個人,店頭,ブロンズ,有,"800～1,200万円",C00197,O000126O000210O000550,2025-08-042024-12-032025-11-19,キャンセル配達完了配達完了,ウェブモバイルアプリモバイルアプリ,コンビニ払い請求書払いスマホ決済,愛知県愛知県愛知県,B2B5,1970.71,53.47,0.0,1917.24,1917.2400000000002
197,C00198,2024-05-05,山本 陽翔,customer00198@example.jp,千葉県,船橋市,大企業,紹介,シルバー,有,300～500万円,C00198,O000035O000384O000455O000499,2025-05-312024-01-142024-02-142024-11-25,配達完了配達完了配達完了キャンセル,モールウェブウェブウェブ,クレジットカード銀行振込クレジットカードクレジットカード,千葉県千葉県千葉県千葉県,FREESHIPWELCOME10WELCOME10,641.77,47.78,5.9,599.89,588.09
198,C00199,2022-01-11,田中 湊,customer00199@example.jp,北海道,旭川市,大企業,自然検索,ブロンズ,有,"1,200万円以上",C00199,O000228O000421O000572,2025-02-182024-07-112025-01-29,配達完了発送済みキャンセル,モールウェブモバイルアプリ,スマホ決済請求書払いスマホ決済,北海道北海道北海道,FREESHIPSPRING15SPRING15,2061.6800000000003,215.16,0.0,1846.52,1846.52
199,C00200,2025-12-21,佐藤 陽葵,customer00200@example.jp,神奈川県,藤沢市,大企業,広告検索,シルバー,有,300万円未満,C00200,O000514O000590,2025-08-232025-03-19,配達完了キャンセル,ウェブモバイルアプリ,クレジットカードクレジットカード,神奈川県神奈川県,,322.13,0.0,5.9,328.03,316.23
200,C00201,2024-07-28,田中 さくら,customer00201@example.jp,千葉県,千葉市,個人,紹介,ゴールド,無,500～800万円,,,,,,,,,,,,,
201,C00202,2024-01-14,田中 蓮,customer00202@example.jp,大阪府,豊中市,個人,自然検索,ブロンズ,有,300～500万円,C00202,O000220O000254O000611,2025-08-092025-09-252025-06-29,キャンセルキャンセル配達完了,モバイルアプリモールモール,クレジットカードクレジットカード銀行振込,大阪府大阪府大阪府,WELCOME10,1238.47,42.04,0.0,1196.43,1196.4299999999998
202,C00203,2023-06-27,佐藤 陽葵,customer00203@example.jp,北海道,旭川市,中小企業,SNS,ゴールド,無,300～500万円,,,,,,,,,,,,,
203,C00204,2024-08-04,高橋 陽葵,customer00204@example.jp,福岡県,久留米市,個人,紹介,ゴールド,有,"800～1,200万円",C00204,O000578,2025-06-12,配達完了,モバイルアプリ,スマホ決済,福岡県,,345.92,0.0,0.0,345.92,345.92
204,C00205,2024-04-13,佐藤 湊,customer00205@example.jp,北海道,旭川市,中小企業,紹介,シルバー,有,500～800万円,C00205,O000108O000136O000229O000258O000676,2024-06-282024-07-242024-01-082024-11-072024-08-18,配達完了配達完了配達完了配達完了配達完了,ウェブウェブウェブモールモール,スマホ決済クレジットカードクレジットカードクレジットカードクレジットカード,北海道北海道北海道北海道北海道,,1519.6000000000001,0.0,11.8,1531.3999999999999,1507.8
205,C00206,2023-08-22,田中 樹,customer00206@example.jp,福岡県,福岡市,個人,紹介,ブロンズ,有,500～800万円,C00206,O000343O000596O000684,2025-11-282025-09-262025-12-31,キャンセル配達完了配達完了,ウェブウェブモバイルアプリ,クレジットカードスマホ決済クレジットカード,福岡県福岡県福岡県,VIP20,3889.87,269.14,0.0,3620.73,3620.73
206,C00207,2023-04-24,佐藤 大和,customer00207@example.jp,神奈川県,相模原市,個人,自然検索,プラチナ,有,300～500万円,C00207,O000199O000585,2025-11-032025-10-12,配達完了配達完了,モバイルアプリモバイルアプリ,スマホ決済コンビニ払い,神奈川県神奈川県,SPRING15,1826.23,67.7,0.0,1758.5300000000002,1758.5300000000002
207,C00208,2023-01-09,中村 樹,customer00208@example.jp,東京都,渋谷区,個人,広告検索,ブロンズ,有,500～800万円,C00208,O000089O000364,2024-05-312024-03-09,配達完了配達完了,モールモール,クレジットカードクレジットカード,東京都東京都,VIP20,1931.7400000000002,217.78,0.0,1713.96,1713.96
208,C00209,2024-11-04,渡辺 陽葵,customer00209@example.jp,東京都,千代田区,個人,自然検索,ブロンズ,無,300～500万円,,,,,,,,,,,,,
209,C00210,2025-06-24,佐藤 蓮,customer00210@example.jp,大阪府,豊中市,個人,店頭,ブロンズ,有,"800～1,200万円",C00210,O000180O000464O000465O000561,2025-01-162025-11-272024-04-222024-05-02,配達完了配達完了発送済み配達完了,モールウェブウェブモール,コンビニ払いコンビニ払いクレジットカードスマホ決済,大阪府大阪府大阪府大阪府,SPRING15SPRING15,4678.11,349.81,0.0,4328.3,4328.3
210,C00211,2022-08-23,佐藤 葵,customer00211@example.jp,東京都,世田谷区,中小企業,紹介,ブロンズ,有,300万円未満,C00211,O000400O000598,2025-12-262025-06-18,処理中配達完了,ウェブモバイルアプリ,スマホ決済クレジットカード,東京都東京都,,1865.58,0.0,0.0,1865.58,1865.58
211,C00212,2023-08-21,田中 さくら,customer00212@example.jp,東京都,千代田区,個人,紹介,ブロンズ,有,500～800万円,C00212,O000008,2024-04-23,発送済み,ウェブ,スマホ決済,東京都,VIP20,1192.07,238.41,0.0,953.66,953.66
212,C00213,2024-04-23,鈴木 湊,customer00213@example.jp,福岡県,久留米市,個人,広告検索,ブロンズ,有,300万円未満,C00213,O000158O000271,2025-10-252024-02-09,発送済み処理中,モールウェブ,銀行振込請求書払い,福岡県福岡県,B2B5,2183.38,52.84,0.0,2130.54,2130.54
213,C00214,2022-01-01,田中 陽葵,customer00214@example.jp,東京都,千代田区,個人,広告検索,シルバー,有,300～500万円,C00214,O000170O000274,2025-09-022025-06-06,配達完了キャンセル,モバイルアプリモール,クレジットカードスマホ決済,東京都東京都,FREESHIP,1445.53,0.0,0.0,1445.53,1445.53
214,C00215,2023-01-02,鈴木 陽翔,customer00215@example.jp,東京都,新宿区,個人,紹介,シルバー,有,"800～1,200万円",C00215,O000117O000424,2024-03-162025-08-24,配達完了発送済み,モバイルアプリウェブ,クレジットカード銀行振込,東京都東京都,B2B5,1869.26,65.6,0.0,1803.6599999999999,1803.66
215,C00216,2025-11-26,中村 結菜,customer00216@example.jp,北海道,函館市,大企業,店頭,ブロンズ,有,300～500万円,C00216,O000139O000661,2024-08-142024-12-04,配達完了配達完了,モバイルアプリモバイルアプリ,クレジットカードクレジットカード,北海道北海道,WELCOME10,1078.51,6.3,5.9,1078.1100000000001,1066.31
216,C00217,2022-12-20,高橋 大和,customer00217@example.jp,福岡県,福岡市,中小企業,広告検索,シルバー,有,500～800万円,C00217,O000061,2024-01-10,キャンセル,モール,スマホ決済,福岡県,,1327.52,0.0,0.0,1327.52,1327.52
217,C00218,2022-05-24,渡辺 大和,customer00218@example.jp,福岡県,北九州市,大企業,自然検索,シルバー,有,300～500万円,C00218,O000142O000175O000245O000284O000484O000716,2025-12-242024-07-272025-07-032024-01-312024-02-172024-12-15,配達完了キャンセル配達完了配達完了配達完了配達完了,ウェブウェブウェブウェブモバイルアプリウェブ,スマホ決済銀行振込クレジットカードクレジットカードコンビニ払い銀行振込,福岡県福岡県福岡県福岡県福岡県福岡県,SPRING15FREESHIP,6233.62,215.12,0.0,6018.5,6018.5
218,C00219,2025-08-09,山本 湊,customer00219@example.jp,福岡県,北九州市,個人,紹介,シルバー,有,300～500万円,C00219,O000414O000703,2024-01-042024-04-18,配達完了配達完了,モバイルアプリウェブ,コンビニ払いスマホ決済,福岡県福岡県,B2B5,941.52,11.24,0.0,930.28,930.28
219,C00220,2025-02-18,渡辺 樹,customer00220@example.jp,神奈川県,藤沢市,個人,紹介,ブロンズ,有,500～800万円,C00220,O000278O000374O000453O000524,2025-11-302024-09-262025-01-032025-09-16,配達完了配達完了返品済み配達完了,モバイルアプリモール営業担当ウェブ,クレジットカードクレジットカードコンビニ払いスマホ決済,神奈川県神奈川県神奈川県神奈川県,,3105.77,0.0,5.9,3111.67,3099.87
220,C00221,2025-05-22,鈴木 さくら,customer00221@example.jp,千葉県,柏市,中小企業,紹介,シルバー,有,500～800万円,C00221,O000515O000559O000665,2025-01-182024-07-242025-08-19,配達完了返品済み配達完了,モバイルアプリ営業担当モバイルアプリ,請求書払いクレジットカード請求書払い,千葉県千葉県千葉県,,1734.07,0.0,0.0,1734.07,1734.07
221,C00222,2025-10-09,渡辺 湊,customer00222@example.jp,千葉県,船橋市,個人,SNS,シルバー,無,300～500万円,,,,,,,,,,,,,
222,C00223,2025-05-01,田中 凛,customer00223@example.jp,神奈川県,横浜市,個人,自然検索,シルバー,有,300～500万円,,,,,,,,,,,,,
223,C00224,2023-02-23,高橋 悠真,customer00224@example.jp,神奈川県,相模原市,個人,広告検索,ゴールド,有,"800～1,200万円",C00224,O000215O000361O000487O000603O000628,2025-11-052024-02-012025-11-142024-10-232024-03-05,キャンセル配達完了発送済み処理中配達完了,ウェブモール営業担当モールウェブ,スマホ決済銀行振込スマホ決済銀行振込銀行振込,神奈川県神奈川県神奈川県神奈川県神奈川県,VIP20,3435.55,87.16,0.0,3348.3900000000003,3348.3900000000003
224,C00225,2025-04-25,佐藤 樹,customer00225@example.jp,千葉県,千葉市,個人,自然検索,プラチナ,無,500～800万円,C00225,O000544,2025-01-30,発送済み,モバイルアプリ,スマホ決済,千葉県,,77.42,0.0,5.9,83.32,71.52
225,C00226,2025-10-23,中村 樹,customer00226@example.jp,北海道,旭川市,個人,紹介,ブロンズ,有,500～800万円,C00226,O000439O000567,2025-11-272025-09-02,配達完了発送済み,ウェブモバイルアプリ,請求書払いクレジットカード,北海道北海道,,1030.95,0.0,0.0,1030.95,1030.95
226,C00227,2022-10-05,山本 樹,customer00227@example.jp,千葉県,柏市,大企業,店頭,シルバー,有,300～500万円,C00227,O000169O000441O000500,2025-07-302025-05-312025-12-16,配達完了配達完了配達完了,ウェブウェブモバイルアプリ,銀行振込スマホ決済銀行振込,千葉県千葉県千葉県,FREESHIP,2878.36,0.0,0.0,2878.36,2878.36
227,C00228,2022-08-03,高橋 陽葵,customer00228@example.jp,東京都,千代田区,中小企業,自然検索,ブロンズ,有,300～500万円,C00228,O000535O000616O000630,2024-08-292025-07-212025-04-03,配達完了配達完了返品済み,ウェブモバイルアプリモバイルアプリ,クレジットカード銀行振込コンビニ払い,東京都東京都東京都,,741.81,0.0,0.0,741.81,741.81
228,C00229,2024-05-07,中村 さくら,customer00229@example.jp,神奈川県,藤沢市,中小企業,自然検索,プラチナ,有,500～800万円,C00229,O000026O000403,2025-02-202025-09-03,配達完了配達完了,ウェブモバイルアプリ,スマホ決済スマホ決済,神奈川県神奈川県,,1508.72,0.0,0.0,1508.72,1508.72
229,C00230,2022-12-19,鈴木 さくら,customer00230@example.jp,福岡県,福岡市,個人,提携先,ブロンズ,無,"1,200万円以上",,,,,,,,,,,,,
230,C00231,2024-03-02,渡辺 陽翔,customer00231@example.jp,千葉県,柏市,中小企業,紹介,ブロンズ,有,"800～1,200万円",C00231,O000045O000059O000083O000090O000182O000381O000526,2024-03-152024-04-132025-11-212024-08-082025-11-152024-10-122024-07-16,配達完了配達完了返品済み配達完了発送済み配達完了配達完了,ウェブモバイルアプリモバイルアプリモールモバイルアプリウェブ営業担当,銀行振込クレジットカードクレジットカードスマホ決済クレジットカード請求書払いスマホ決済,千葉県千葉県千葉県千葉県千葉県千葉県千葉県,WELCOME10VIP20B2B5FREESHIP,5395.42,179.63,0.0,5215.79,5215.79
231,C00232,2024-03-17,鈴木 凛,customer00232@example.jp,北海道,旭川市,中小企業,広告検索,シルバー,有,"800～1,200万円",C00232,O000019O000100O000576,2025-11-262024-02-062025-07-19,配達完了配達完了配達完了,ウェブモバイルアプリウェブ,スマホ決済コンビニ払いクレジットカード,北海道北海道北海道,WELCOME10WELCOME10,2604.8,172.89,0.0,2431.91,2431.91
232,C00233,2022-11-26,伊藤 樹,customer00233@example.jp,東京都,新宿区,個人,広告検索,シルバー,有,500～800万円,C00233,O000183O000345O000505,2025-12-262025-12-032024-12-13,配達完了配達完了配達完了,モバイルアプリモバイルアプリウェブ,スマホ決済コンビニ払いスマホ決済,東京都東京都東京都,WELCOME10,2086.27,129.4,5.9,1962.77,1950.97
233,C00234,2025-03-01,中村 陽翔,customer00234@example.jp,東京都,新宿区,個人,SNS,シルバー,有,500～800万円,C00234,O000248O000430O000668,2024-08-142024-04-092024-01-14,配達完了キャンセル配達完了,モバイルアプリウェブウェブ,クレジットカードスマホ決済請求書払い,東京都東京都東京都,FREESHIPVIP20,2561.48,184.32,0.0,2377.16,2377.16
234,C00235,2023-04-22,渡辺 結菜,customer00235@example.jp,神奈川県,川崎市,個人,自然検索,シルバー,有,300～500万円,C00235,O000103O000240O000468O000527O000581,2024-03-212025-03-172024-06-072024-08-082024-05-22,配達完了配達完了配達完了処理中配達完了,ウェブウェブモバイルアプリモバイルアプリ営業担当,請求書払いスマホ決済請求書払いスマホ決済スマホ決済,神奈川県神奈川県神奈川県神奈川県神奈川県,WELCOME10B2B5,2765.9700000000003,80.28999999999999,0.0,2685.6800000000003,2685.6800000000003
235,C00236,2024-01-07,高橋 結菜,customer00236@example.jp,神奈川県,川崎市,個人,自然検索,シルバー,有,300～500万円,C00236,O000189O000264,2024-02-222024-08-23,発送済み配達完了,モバイルアプリウェブ,銀行振込銀行振込,神奈川県神奈川県,,2045.4299999999998,0.0,0.0,2045.4299999999998,2045.4299999999998
236,C00237,2023-04-16,高橋 湊,customer00237@example.jp,東京都,新宿区,個人,紹介,ゴールド,有,500～800万円,C00237,O000055O000066O000321O000336O000554O000604,2024-04-152025-04-202025-02-022024-09-122025-01-192024-03-23,配達完了配達完了処理中配達完了配達完了配達完了,ウェブウェブウェブウェブモールウェブ,クレジットカードクレジットカードコンビニ払いクレジットカード銀行振込請求書払い,東京都東京都東京都東京都東京都東京都,SPRING15,3992.56,177.21,5.9,3821.25,3809.45
237,C00238,2024-10-05,山本 葵,customer00238@example.jp,千葉県,船橋市,個人,提携先,シルバー,有,"800～1,200万円",C00238,O000413O000615,2025-08-222024-10-24,キャンセル配達完了,モバイルアプリウェブ,コンビニ払いクレジットカード,千葉県千葉県,,584.1899999999999,0.0,5.9,590.0899999999999,578.29
238,C00239,2025-10-03,伊藤 凛,customer00239@example.jp,愛知県,名古屋市,個人,広告検索,シルバー,有,500～800万円,C00239,O000112,2024-04-13,配達完了,モバイルアプリ,銀行振込,愛知県,,533.81,0.0,0.0,533.81,533.81
239,C00240,2022-10-19,伊藤 湊,customer00240@example.jp,福岡県,北九州市,中小企業,広告検索,ブロンズ,有,"1,200万円以上",C00240,O000469,2025-09-21,配達完了,ウェブ,クレジットカード,福岡県,B2B5,423.08,21.15,0.0,401.93,401.93
240,C00241,2025-12-09,中村 陽翔,customer00241@example.jp,千葉県,柏市,個人,紹介,シルバー,有,300～500万円,C00241,O000012O000371,2025-09-162025-07-14,配達完了配達完了,モバイルアプリウェブ,コンビニ払いコンビニ払い,千葉県千葉県,,1303.1799999999998,0.0,0.0,1303.1799999999998,1303.1799999999998
241,C00242,2022-07-15,鈴木 陽葵,customer00242@example.jp,大阪府,豊中市,中小企業,提携先,ゴールド,有,300～500万円,C00242,O000320,2024-03-15,キャンセル,ウェブ,スマホ決済,大阪府,,31.76,0.0,5.9,37.66,25.86
242,C00243,2022-04-01,佐藤 芽依,customer00243@example.jp,大阪府,大阪市,個人,紹介,シルバー,有,300万円未満,,,,,,,,,,,,,
243,C00244,2022-07-04,伊藤 大和,customer00244@example.jp,東京都,千代田区,中小企業,広告検索,シルバー,有,300～500万円,C00244,O000047O000391,2024-04-192024-01-18,配達完了発送済み,ウェブモール,クレジットカード銀行振込,東京都東京都,,1674.96,0.0,0.0,1674.96,1674.96
244,C00245,2022-01-22,山本 さくら,customer00245@example.jp,東京都,新宿区,中小企業,自然検索,シルバー,有,300～500万円,C00245,O000197O000300,2025-09-012024-05-29,配達完了配達完了,モバイルアプリウェブ,スマホ決済コンビニ払い,東京都東京都,,1940.9099999999999,0.0,0.0,1940.9099999999999,1940.9099999999999
245,C00246,2022-01-12,渡辺 凛,customer00246@example.jp,大阪府,大阪市,個人,SNS,ブロンズ,有,300～500万円,C00246,O000163O000658O000687O000693,2025-04-022024-06-152025-09-132024-02-18,配達完了配達完了キャンセル配達完了,ウェブウェブウェブウェブ,銀行振込クレジットカードクレジットカードスマホ決済,大阪府大阪府大阪府大阪府,WELCOME10WELCOME10,3782.3,142.4,0.0,3639.8999999999996,3639.8999999999996
246,C00247,2024-08-03,中村 さくら,customer00247@example.jp,千葉県,柏市,大企業,SNS,シルバー,有,"1,200万円以上",C00247,O000335,2025-08-18,配達完了,ウェブ,銀行振込,千葉県,,368.81,0.0,0.0,368.81,368.81
247,C00248,2025-12-15,伊藤 さくら,customer00248@example.jp,東京都,世田谷区,個人,提携先,シルバー,有,500～800万円,C00248,O000030O000037O000494O000507,2025-02-052025-05-222025-11-302025-12-23,返品済み配達完了配達完了配達完了,ウェブモバイルアプリモバイルアプリモバイルアプリ,クレジットカードスマホ決済請求書払いスマホ決済,東京都東京都東京都東京都,FREESHIP,2336.43,0.0,0.0,2336.43,2336.43
248,C00249,2022-07-09,鈴木 結菜,customer00249@example.jp,東京都,渋谷区,個人,広告検索,シルバー,有,"800～1,200万円",C00249,O000503O000594,2024-04-072024-07-21,配達完了配達完了,モバイルアプリ営業担当,クレジットカードクレジットカード,東京都東京都,SPRING15WELCOME10,2246.04,278.20000000000005,0.0,1967.84,1967.84
249,C00250,2023-02-07,鈴木 悠真,customer00250@example.jp,大阪府,吹田市,大企業,自然検索,シルバー,有,"1,200万円以上",C00250,O000292O000555O000713,2024-11-252024-04-212025-11-27,配達完了配達完了配達完了,モバイルアプリウェブウェブ,銀行振込コンビニ払い請求書払い,大阪府大阪府大阪府,WELCOME10,3213.6099999999997,63.3,0.0,3150.31,3150.31
250,C00251,2025-06-06,佐藤 蓮,customer00251@example.jp,福岡県,久留米市,中小企業,広告検索,ゴールド,有,300～500万円,C00251,O000005O000512,2024-07-202024-07-31,発送済み配達完了,モールモバイルアプリ,スマホ決済スマホ決済,福岡県福岡県,FREESHIP,826.54,0.0,0.0,826.54,826.54
251,C00252,2024-03-09,佐藤 葵,customer00252@example.jp,千葉県,柏市,中小企業,店頭,シルバー,有,300万円未満,C00252,O000028O000233O000573,2025-09-182025-02-012024-03-13,配達完了配達完了配達完了,ウェブウェブウェブ,クレジットカードクレジットカードスマホ決済,千葉県千葉県千葉県,WELCOME10WELCOME10,1809.63,123.27000000000001,0.0,1686.3600000000001,1686.3600000000001
252,C00253,2022-03-21,高橋 凛,customer00253@example.jp,大阪府,豊中市,個人,広告検索,シルバー,有,500～800万円,C00253,O000174O000279O000456,2024-01-312024-07-162024-11-25,配達完了配達完了配達完了,モバイルアプリモールウェブ,コンビニ払いクレジットカードスマホ決済,大阪府大阪府大阪府,FREESHIP,2449.7699999999995,0.0,5.9,2455.67,2443.87
253,C00254,2023-09-29,佐藤 さくら,customer00254@example.jp,東京都,世田谷区,個人,自然検索,ブロンズ,有,300万円未満,C00254,O000339,2025-08-10,配達完了,ウェブ,銀行振込,東京都,B2B5,1146.07,57.3,0.0,1088.77,1088.77
254,C00255,2022-02-28,田中 葵,customer00255@example.jp,福岡県,福岡市,中小企業,広告検索,ブロンズ,有,500～800万円,,,,,,,,,,,,,
255,C00256,2024-08-30,高橋 大和,customer00256@example.jp,北海道,函館市,大企業,SNS,ブロンズ,有,300～500万円,,,,,,,,,,,,,
256,C00257,2025-12-28,伊藤 葵,customer00257@example.jp,福岡県,北九州市,個人,紹介,ブロンズ,有,300～500万円,C00257,O000427,2025-01-02,配達完了,モール,クレジットカード,福岡県,FREESHIP,120.22,0.0,0.0,120.22,120.22
257,C00258,2024-04-21,伊藤 湊,customer00258@example.jp,大阪府,堺市,個人,自然検索,シルバー,有,300万円未満,C00258,O000196O000237O000542O000548,2025-06-202025-06-022025-07-222025-06-05,返品済み処理中配達完了配達完了,ウェブウェブモバイルアプリモール,スマホ決済スマホ決済クレジットカードスマホ決済,大阪府大阪府大阪府大阪府,WELCOME10FREESHIPFREESHIP,2408.39,46.57,5.9,2367.72,2355.9199999999996
258,C00259,2025-11-02,田中 さくら,customer00259@example.jp,北海道,旭川市,大企業,自然検索,ブロンズ,有,300万円未満,C00259,O000003O000041O000631,2024-09-092025-06-102025-08-31,配達完了配達完了配達完了,モバイルアプリウェブモバイルアプリ,コンビニ払い銀行振込クレジットカード,北海道北海道北海道,,1580.84,0.0,0.0,1580.84,1580.84
259,C00260,2023-10-11,伊藤 陽翔,customer00260@example.jp,福岡県,久留米市,個人,広告検索,ブロンズ,無,300万円未満,,,,,,,,,,,,,
260,C00261,2024-01-18,山本 蓮,customer00261@example.jp,福岡県,久留米市,個人,SNS,ブロンズ,有,500～800万円,C00261,O000006O000239O000534O000551O000553,2025-03-082025-01-072024-07-182025-02-222024-03-31,配達完了配達完了配達完了配達完了配達完了,ウェブウェブウェブウェブモール,クレジットカードクレジットカードコンビニ払いコンビニ払いスマホ決済,福岡県福岡県福岡県福岡県福岡県,SPRING15FREESHIP,2228.03,25.55,5.9,2208.3799999999997,2196.58
261,C00262,2023-06-03,中村 大和,customer00262@example.jp,千葉県,柏市,中小企業,自然検索,シルバー,無,500～800万円,,,,,,,,,,,,,
262,C00263,2022-11-29,田中 芽依,customer00263@example.jp,千葉県,船橋市,個人,紹介,プラチナ,有,300～500万円,C00263,O000584,2024-04-14,配達完了,モバイルアプリ,コンビニ払い,千葉県,,95.85,0.0,5.9,101.75,89.94999999999999
263,C00264,2025-04-14,渡辺 陽翔,customer00264@example.jp,愛知県,岡崎市,個人,広告検索,プラチナ,有,300～500万円,C00264,O000042O000177O000242,2025-01-152025-02-082024-02-04,配達完了配達完了配達完了,ウェブウェブ営業担当,クレジットカード銀行振込スマホ決済,愛知県愛知県愛知県,FREESHIP,2801.54,0.0,0.0,2801.54,2801.54
264,C00265,2025-09-16,山本 さくら,customer00265@example.jp,北海道,札幌市,中小企業,自然検索,プラチナ,無,500～800万円,,,,,,,,,,,,,
265,C00266,2025-11-17,田中 葵,customer00266@example.jp,北海道,旭川市,個人,自然検索,シルバー,有,300～500万円,C00266,O000293O000691,2024-11-072025-09-16,配達完了処理中,ウェブモバイルアプリ,クレジットカード銀行振込,北海道北海道,,2397.13,0.0,0.0,2397.13,2397.13
266,C00267,2025-08-27,中村 凛,customer00267@example.jp,東京都,渋谷区,個人,自然検索,シルバー,有,300～500万円,C00267,O000314O000355O000536,2025-01-012024-02-152024-07-09,返品済み配達完了発送済み,モバイルアプリウェブ営業担当,クレジットカード請求書払いコンビニ払い,東京都東京都東京都,WELCOME10SPRING15FREESHIP,1775.97,101.54,5.9,1680.33,1668.53
267,C00268,2025-03-24,鈴木 樹,customer00268@example.jp,大阪府,大阪市,中小企業,自然検索,シルバー,有,"800～1,200万円",C00268,O000203O000317O000483,2024-09-022024-10-312024-02-16,配達完了配達完了配達完了,モールモバイルアプリウェブ,スマホ決済スマホ決済銀行振込,大阪府大阪府大阪府,VIP20SPRING15,1486.57,188.42,5.9,1304.05,1292.25
268,C00269,2022-02-24,鈴木 湊,customer00269@example.jp,大阪府,吹田市,大企業,SNS,ブロンズ,有,"800～1,200万円",C00269,O000113O000243,2024-09-042024-02-11,処理中配達完了,ウェブウェブ,クレジットカードクレジットカード,大阪府大阪府,,885.7,0.0,0.0,885.7,885.7
269,C00270,2022-05-01,中村 結菜,customer00270@example.jp,福岡県,北九州市,個人,広告検索,プラチナ,無,300～500万円,C00270,O000051,2025-06-17,配達完了,モバイルアプリ,クレジットカード,福岡県,,1406.43,0.0,0.0,1406.43,1406.43
270,C00271,2025-06-14,伊藤 陽翔,customer00271@example.jp,神奈川県,藤沢市,個人,自然検索,プラチナ,有,300～500万円,,,,,,,,,,,,,
271,C00272,2024-05-26,佐藤 凛,customer00272@example.jp,東京都,新宿区,個人,提携先,ブロンズ,有,300～500万円,C00272,O000032O000327O000338O000574O000660,2025-07-282025-02-102024-02-182025-05-232025-07-26,キャンセル発送済み配達完了配達完了処理中,モールウェブウェブ営業担当ウェブ,スマホ決済クレジットカードクレジットカードスマホ決済クレジットカード,東京都東京都東京都東京都東京都,WELCOME10WELCOME10VIP20,2098.84,198.12,5.9,1906.62,1894.8200000000002
272,C00273,2023-09-23,鈴木 凛,customer00273@example.jp,福岡県,北九州市,個人,紹介,シルバー,有,"800～1,200万円",C00273,O000107O000249O000330O000522O000706O000719,2025-11-112025-01-202024-06-012025-04-172024-05-162024-07-07,キャンセル配達完了配達完了配達完了処理中配達完了,ウェブウェブウェブウェブウェブ営業担当,クレジットカードスマホ決済クレジットカードコンビニ払いクレジットカードクレジットカード,福岡県福岡県福岡県福岡県福岡県福岡県,WELCOME10,5051.01,125.14,0.0,4925.87,4925.87
273,C00274,2022-03-21,田中 凛,customer00274@example.jp,愛知県,豊田市,個人,広告検索,ブロンズ,有,300～500万円,,,,,,,,,,,,,
274,C00275,2022-10-29,山本 陽翔,customer00275@example.jp,北海道,札幌市,個人,自然検索,ゴールド,有,500～800万円,,,,,,,,,,,,,
275,C00276,2022-08-26,佐藤 蓮,customer00276@example.jp,東京都,新宿区,中小企業,広告検索,ブロンズ,無,300～500万円,C00276,O000593,2024-01-24,配達完了,モバイルアプリ,請求書払い,東京都,,984.21,0.0,0.0,984.21,984.21
276,C00277,2024-08-04,山本 悠真,customer00277@example.jp,福岡県,北九州市,個人,SNS,ブロンズ,有,"800～1,200万円",C00277,O000031O000437O000547,2024-11-022024-05-212024-11-30,配達完了キャンセル配達完了,ウェブモバイルアプリモバイルアプリ,クレジットカードクレジットカードスマホ決済,福岡県福岡県福岡県,,2902.15,0.0,0.0,2902.15,2902.15
277,C00278,2025-12-22,伊藤 凛,customer00278@example.jp,東京都,渋谷区,個人,紹介,ブロンズ,無,"1,200万円以上",C00278,O000125,2024-08-12,配達完了,モバイルアプリ,請求書払い,東京都,,340.42,0.0,0.0,340.42,340.42
278,C00279,2025-04-25,山本 悠真,customer00279@example.jp,神奈川県,川崎市,個人,自然検索,ブロンズ,有,"800～1,200万円",C00279,O000161,2025-01-12,配達完了,ウェブ,銀行振込,神奈川県,FREESHIP,709.88,0.0,0.0,709.88,709.88
279,C00280,2024-10-08,中村 凛,customer00280@example.jp,東京都,世田谷区,中小企業,提携先,ブロンズ,有,"1,200万円以上",C00280,O000127O000154O000303,2025-06-012024-03-262024-07-24,配達完了返品済み配達完了,ウェブウェブウェブ,スマホ決済コンビニ払いクレジットカード,東京都東京都東京都,SPRING15VIP20,1794.4199999999998,237.35000000000002,5.9,1562.9699999999998,1551.1699999999998
280,C00281,2022-07-02,高橋 芽依,customer00281@example.jp,千葉県,柏市,中小企業,自然検索,シルバー,有,"800～1,200万円",C00281,O000277O000288O000408,2024-10-232024-08-022024-09-27,配達完了発送済みキャンセル,ウェブウェブモバイルアプリ,クレジットカード銀行振込スマホ決済,千葉県千葉県千葉県,FREESHIPB2B5,2145.59,48.44,0.0,2097.15,2097.15
281,C00282,2024-01-06,鈴木 大和,customer00282@example.jp,千葉県,船橋市,大企業,紹介,ブロンズ,無,300～500万円,C00282,O000479,2024-10-02,配達完了,ウェブ,銀行振込,千葉県,B2B5,1349.81,67.49,0.0,1282.32,1282.32
282,C00283,2024-10-11,山本 陽葵,customer00283@example.jp,北海道,札幌市,個人,SNS,ブロンズ,有,500～800万円,C00283,O000118O000322O000463O000546,2024-11-142025-06-082025-02-172024-06-10,発送済み配達完了配達完了キャンセル,モバイルアプリモバイルアプリモバイルアプリモバイルアプリ,銀行振込クレジットカードクレジットカード請求書払い,北海道北海道北海道北海道,B2B5,1732.52,6.34,5.9,1732.08,1720.2799999999997
283,C00284,2023-04-23,渡辺 葵,customer00284@example.jp,神奈川県,川崎市,大企業,自然検索,ブロンズ,有,300万円未満,C00284,O000449O000454,2024-10-132025-04-07,配達完了配達完了,モバイルアプリウェブ,クレジットカードクレジットカード,神奈川県神奈川県,,1122.27,0.0,0.0,1122.27,1122.27
284,C00285,2025-07-15,田中 さくら,customer00285@example.jp,東京都,世田谷区,大企業,紹介,プラチナ,有,300～500万円,C00285,O000085O000095O000128O000319O000664,2025-06-272024-09-162025-08-192025-06-232024-09-10,配達完了配達完了配達完了配達完了配達完了,ウェブウェブモバイルアプリモバイルアプリウェブ,スマホ決済スマホ決済スマホ決済コンビニ払いスマホ決済,東京都東京都東京都東京都東京都,WELCOME10WELCOME10,3730.91,162.18,0.0,3568.73,3568.73
285,C00286,2023-04-02,佐藤 結菜,customer00286@example.jp,神奈川県,川崎市,個人,紹介,ブロンズ,有,500～800万円,C00286,O000021O000488,2024-09-162025-08-19,発送済み配達完了,モバイルアプリウェブ,スマホ決済銀行振込,神奈川県神奈川県,WELCOME10,635.7099999999999,3.83,5.9,637.78,625.98
286,C00287,2025-07-01,渡辺 凛,customer00287@example.jp,北海道,札幌市,個人,自然検索,ゴールド,無,300万円未満,C00287,O000057O000513,2025-08-222025-12-22,配達完了キャンセル,ウェブモバイルアプリ,クレジットカード銀行振込,北海道北海道,FREESHIP,941.04,0.0,0.0,941.04,941.04
287,C00288,2022-03-23,田中 陽翔,customer00288@example.jp,福岡県,福岡市,中小企業,SNS,シルバー,有,"800～1,200万円",C00288,O000301O000651,2024-01-302025-07-16,配達完了配達完了,ウェブウェブ,スマホ決済クレジットカード,福岡県福岡県,,1122.56,0.0,0.0,1122.56,1122.56
288,C00289,2023-12-17,伊藤 陽翔,customer00289@example.jp,北海道,函館市,個人,店頭,シルバー,有,"1,200万円以上",C00289,O000653,2025-06-23,配達完了,ウェブ,スマホ決済,北海道,SPRING15,1417.07,212.56,0.0,1204.51,1204.51
289,C00290,2022-12-04,田中 蓮,customer00290@example.jp,東京都,新宿区,個人,紹介,ブロンズ,有,500～800万円,,,,,,,,,,,,,
290,C00291,2022-06-13,佐藤 湊,customer00291@example.jp,東京都,世田谷区,個人,SNS,シルバー,有,300万円未満,C00291,O000375O000478O000715,2025-08-042024-10-182024-07-06,配達完了配達完了配達完了,モバイルアプリウェブウェブ,クレジットカード銀行振込銀行振込,東京都東京都東京都,FREESHIP,1725.92,0.0,0.0,1725.92,1725.92
291,C00292,2022-05-16,田中 湊,customer00292@example.jp,東京都,千代田区,大企業,紹介,シルバー,有,500～800万円,,,,,,,,,,,,,
292,C00293,2022-05-07,伊藤 芽依,customer00293@example.jp,千葉県,船橋市,大企業,提携先,ブロンズ,有,300～500万円,C00293,O000082O000097O000217O000223O000429,2025-03-012024-04-142024-12-132025-09-142025-01-21,処理中配達完了配達完了配達完了処理中,ウェブウェブウェブウェブモバイルアプリ,クレジットカードコンビニ払いクレジットカードクレジットカードスマホ決済,千葉県千葉県千葉県千葉県千葉県,,2654.69,0.0,5.9,2660.59,2648.79
293,C00294,2025-09-27,中村 陽翔,customer00294@example.jp,神奈川県,横浜市,中小企業,店頭,シルバー,有,300万円未満,C00294,O000007O000078O000476,2025-11-252025-09-292025-05-20,配達完了処理中配達完了,モバイルアプリモバイルアプリウェブ,スマホ決済請求書払いスマホ決済,神奈川県神奈川県神奈川県,B2B5,2450.0,30.07,0.0,2419.9300000000003,2419.9300000000003
294,C00295,2024-07-28,山本 芽依,customer00295@example.jp,千葉県,柏市,個人,提携先,ブロンズ,有,500～800万円,C00295,O000131O000261O000597,2024-11-062025-01-052024-08-31,配達完了配達完了配達完了,ウェブモールウェブ,クレジットカードクレジットカードクレジットカード,千葉県千葉県千葉県,,2868.84,0.0,0.0,2868.84,2868.84
295,C00296,2025-11-17,山本 結菜,customer00296@example.jp,福岡県,久留米市,個人,SNS,ブロンズ,無,300万円未満,,,,,,,,,,,,,
296,C00297,2024-10-01,中村 蓮,customer00297@example.jp,北海道,旭川市,大企業,自然検索,ブロンズ,有,300～500万円,C00297,O000150O000582,2024-07-052024-10-30,配達完了発送済み,ウェブモバイルアプリ,請求書払いクレジットカード,北海道北海道,FREESHIP,859.34,0.0,0.0,859.34,859.34
297,C00298,2023-03-26,佐藤 湊,customer00298@example.jp,神奈川県,相模原市,個人,SNS,シルバー,無,300万円未満,,,,,,,,,,,,,
298,C00299,2024-01-01,田中 蓮,customer00299@example.jp,大阪府,堺市,個人,自然検索,シルバー,有,500～800万円,C00299,O000013O000143O000711,2024-04-052025-07-292025-12-27,配達完了配達完了配達完了,ウェブモバイルアプリウェブ,クレジットカード銀行振込銀行振込,大阪府大阪府大阪府,FREESHIP,1514.95,0.0,5.9,1520.85,1509.0500000000002
299,C00300,2022-07-31,高橋 大和,customer00300@example.jp,東京都,世田谷区,個人,店頭,ブロンズ,有,500～800万円,C00300,O000312O000365O000435O000617O000680,2025-07-072024-09-232024-09-042025-04-252025-12-20,返品済み配達完了配達完了配達完了処理中,モバイルアプリモバイルアプリモバイルアプリウェブウェブ,スマホ決済クレジットカードスマホ決済コンビニ払い銀行振込,東京都東京都東京都東京都東京都,FREESHIP,2290.49,0.0,5.9,2296.39,2284.59
300,C00301,2023-09-15,渡辺 陽葵,customer00301@example.jp,東京都,千代田区,個人,提携先,ゴールド,無,300～500万円,,,,,,,,,,,,,
301,C00302,2022-10-04,中村 大和,customer00302@example.jp,大阪府,堺市,大企業,自然検索,ブロンズ,無,"800～1,200万円",,,,,,,,,,,,,
302,C00303,2025-06-11,佐藤 葵,customer00303@example.jp,千葉県,柏市,個人,紹介,ブロンズ,有,300万円未満,C00303,O000004O000086O000188O000466O000532,2025-05-092024-12-012025-01-122024-04-182024-02-05,配達完了処理中配達完了配達完了配達完了,ウェブウェブウェブウェブウェブ,銀行振込銀行振込コンビニ払い銀行振込クレジットカード,千葉県千葉県千葉県千葉県千葉県,WELCOME10SPRING15WELCOME10,2481.54,228.20999999999998,5.9,2259.23,2247.4300000000003
303,C00304,2024-02-08,佐藤 芽依,customer00304@example.jp,福岡県,福岡市,個人,広告検索,シルバー,無,300万円未満,C00304,O000387O000646,2024-11-142024-11-09,発送済み配達完了,モバイルアプリモバイルアプリ,スマホ決済スマホ決済,福岡県福岡県,WELCOME10,688.23,54.45,5.9,639.6800000000001,627.88
304,C00305,2023-12-09,山本 凛,customer00305@example.jp,東京都,新宿区,個人,自然検索,ゴールド,有,500～800万円,C00305,O000650,2025-06-20,配達完了,モバイルアプリ,スマホ決済,東京都,B2B5,1074.65,53.73,0.0,1020.92,1020.9200000000001
305,C00306,2025-08-25,高橋 結菜,customer00306@example.jp,東京都,千代田区,個人,広告検索,ブロンズ,有,300～500万円,,,,,,,,,,,,,
306,C00307,2022-04-01,伊藤 湊,customer00307@example.jp,大阪府,堺市,個人,SNS,ブロンズ,有,500～800万円,C00307,O000152O000165,2025-06-012025-11-30,発送済み発送済み,モバイルアプリモール,スマホ決済クレジットカード,大阪府大阪府,VIP20,1410.12,5.57,5.9,1410.45,1398.65
307,C00308,2022-02-04,山本 湊,customer00308@example.jp,東京都,渋谷区,大企業,自然検索,シルバー,有,300万円未満,C00308,O000311O000438,2024-07-282024-10-01,配達完了配達完了,モバイルアプリウェブ,クレジットカードスマホ決済,東京都東京都,,2790.84,0.0,0.0,2790.84,2790.84
308,C00309,2024-04-15,中村 樹,customer00309@example.jp,千葉県,柏市,個人,店頭,シルバー,有,500～800万円,C00309,O000067O000471O000609,2025-07-122025-07-112024-11-11,配達完了配達完了キャンセル,ウェブモールモバイルアプリ,スマホ決済クレジットカードクレジットカード,千葉県千葉県千葉県,B2B5,2608.37,47.21,0.0,2561.16,2561.16
309,C00310,2024-12-21,佐藤 さくら,customer00310@example.jp,東京都,千代田区,大企業,紹介,シルバー,有,300～500万円,C00310,O000015O000157O000360O000426O000472O000490O000549O000679,2024-06-052025-02-192025-05-252025-02-282025-07-022025-03-202025-09-022024-03-27,配達完了配達完了処理中配達完了配達完了キャンセル配達完了配達完了,モバイルアプリウェブモールモバイルアプリモールモバイルアプリモバイルアプリモバイルアプリ,請求書払いクレジットカード銀行振込銀行振込クレジットカード銀行振込スマホ決済コンビニ払い,東京都東京都東京都東京都東京都東京都東京都東京都,WELCOME10B2B5,4518.8,91.81,0.0,4426.99,4426.99
310,C00311,2023-10-11,田中 凛,customer00311@example.jp,愛知県,岡崎市,大企業,広告検索,ブロンズ,有,300万円未満,C00311,O000048O000058,2024-03-232025-04-26,配達完了配達完了,営業担当営業担当,請求書払いクレジットカード,愛知県愛知県,B2B5,1873.02,29.57,0.0,1843.45,1843.4499999999998
311,C00312,2023-12-04,山本 結菜,customer00312@example.jp,東京都,千代田区,個人,自然検索,シルバー,有,"800～1,200万円",,,,,,,,,,,,,
312,C00313,2023-12-21,山本 大和,customer00313@example.jp,福岡県,福岡市,個人,提携先,ゴールド,有,300万円未満,,,,,,,,,,,,,
313,C00314,2025-05-27,伊藤 樹,customer00314@example.jp,北海道,函館市,個人,SNS,ブロンズ,有,500～800万円,C00314,O000367,2025-04-17,配達完了,モバイルアプリ,スマホ決済,北海道,,1270.99,0.0,0.0,1270.99,1270.99
314,C00315,2025-05-19,渡辺 結菜,customer00315@example.jp,神奈川県,川崎市,個人,広告検索,ブロンズ,有,300万円未満,C00315,O000207O000241O000253O000458,2025-03-282025-04-062025-06-032025-12-27,配達完了配達完了返品済み発送済み,ウェブウェブウェブウェブ,クレジットカードクレジットカードクレジットカード銀行振込,神奈川県神奈川県神奈川県神奈川県,FREESHIPB2B5,1953.9400000000003,1.72,11.8,1964.02,1940.42
315,C00316,2025-05-23,中村 悠真,customer00316@example.jp,神奈川県,川崎市,中小企業,自然検索,プラチナ,有,300～500万円,C00316,O000120O000218O000318O000347O000520O000605,2024-09-302024-05-282024-05-052025-03-052024-09-262024-07-01,配達完了配達完了配達完了配達完了発送済み処理中,営業担当ウェブモールモバイルアプリウェブモール,クレジットカードスマホ決済クレジットカードクレジットカードスマホ決済クレジットカード,神奈川県神奈川県神奈川県神奈川県神奈川県神奈川県,SPRING15SPRING15VIP20,5496.47,417.86,5.9,5084.51,5072.71
316,C00317,2025-04-17,伊藤 大和,customer00317@example.jp,東京都,新宿区,個人,自然検索,ブロンズ,有,300万円未満,,,,,,,,,,,,,
317,C00318,2024-02-21,田中 陽翔,customer00318@example.jp,愛知県,岡崎市,個人,SNS,シルバー,無,300～500万円,,,,,,,,,,,,,
318,C00319,2022-06-27,鈴木 芽依,customer00319@example.jp,大阪府,豊中市,中小企業,広告検索,ゴールド,有,300万円未満,C00319,O000027O000340O000348O000529,2025-08-222024-02-032024-02-112024-09-09,配達完了処理中キャンセル処理中,モール営業担当モバイルアプリウェブ,クレジットカード銀行振込クレジットカードクレジットカード,大阪府大阪府大阪府大阪府,FREESHIPSPRING15,3213.87,12.7,5.9,3207.07,3195.27
319,C00320,2024-12-19,中村 大和,customer00320@example.jp,東京都,渋谷区,個人,SNS,シルバー,有,"1,200万円以上",C00320,O000116O000688,2024-02-022024-07-06,配達完了配達完了,ウェブウェブ,スマホ決済クレジットカード,東京都東京都,,1111.65,0.0,0.0,1111.65,1111.65
320,C00321,2025-07-14,高橋 陽葵,customer00321@example.jp,愛知県,岡崎市,個人,自然検索,ブロンズ,有,300万円未満,C00321,O000569O000619,2024-02-032025-12-17,配達完了配達完了,営業担当ウェブ,クレジットカード銀行振込,愛知県愛知県,,2077.33,0.0,0.0,2077.33,2077.33
321,C00322,2023-02-27,高橋 凛,customer00322@example.jp,東京都,千代田区,個人,広告検索,ブロンズ,有,300～500万円,C00322,O000497O000608,2025-09-292025-11-10,配達完了配達完了,モバイルアプリウェブ,スマホ決済スマホ決済,東京都東京都,WELCOME10,803.79,43.12,0.0,760.67,760.67
322,C00323,2022-01-14,渡辺 陽葵,customer00323@example.jp,福岡県,北九州市,個人,自然検索,シルバー,有,500～800万円,C00323,O000674,2025-10-30,配達完了,モバイルアプリ,クレジットカード,福岡県,,1353.65,0.0,0.0,1353.65,1353.65
323,C00324,2025-12-08,田中 凛,customer00324@example.jp,福岡県,久留米市,個人,広告検索,ゴールド,有,500～800万円,C00324,O000211O000295O000378O000678,2024-01-052024-02-202025-08-252024-10-26,配達完了配達完了発送済み配達完了,モバイルアプリウェブモバイルアプリウェブ,銀行振込銀行振込スマホ決済クレジットカード,福岡県福岡県福岡県福岡県,WELCOME10WELCOME10,1440.66,53.5,5.9,1393.06,1381.26
324,C00325,2022-11-01,高橋 悠真,customer00325@example.jp,東京都,千代田区,個人,店頭,ブロンズ,無,"800～1,200万円",,,,,,,,,,,,,
325,C00326,2025-10-15,田中 湊,customer00326@example.jp,千葉県,柏市,個人,自然検索,シルバー,有,"800～1,200万円",,,,,,,,,,,,,
326,C00327,2023-07-30,中村 悠真,customer00327@example.jp,大阪府,大阪市,個人,SNS,プラチナ,有,"800～1,200万円",C00327,O000376,2025-09-04,配達完了,モール,クレジットカード,大阪府,,1205.01,0.0,0.0,1205.01,1205.01
327,C00328,2022-12-05,渡辺 芽依,customer00328@example.jp,愛知県,名古屋市,中小企業,SNS,シルバー,有,"800～1,200万円",C00328,O000056,2024-01-04,配達完了,ウェブ,銀行振込,愛知県,,420.97,0.0,0.0,420.97,420.97
328,C00329,2024-12-31,渡辺 陽葵,customer00329@example.jp,北海道,札幌市,中小企業,紹介,プラチナ,有,500～800万円,,,,,,,,,,,,,
329,C00330,2022-10-20,渡辺 蓮,customer00330@example.jp,北海道,函館市,個人,提携先,ゴールド,有,500～800万円,C00330,O000023O000260O000521,2024-10-312025-07-232025-10-09,配達完了配達完了配達完了,ウェブモバイルアプリウェブ,クレジットカードコンビニ払いコンビニ払い,北海道北海道北海道,WELCOME10FREESHIP,1336.1799999999998,31.41,0.0,1304.77,1304.77
330,C00331,2024-12-09,高橋 葵,customer00331@example.jp,千葉県,千葉市,個人,紹介,シルバー,有,300～500万円,C00331,O000073,2025-12-23,配達完了,ウェブ,クレジットカード,千葉県,,517.74,0.0,0.0,517.74,517.74
331,C00332,2024-12-05,佐藤 さくら,customer00332@example.jp,東京都,渋谷区,中小企業,SNS,シルバー,有,300万円未満,,,,,,,,,,,,,
332,C00333,2025-05-21,山本 大和,customer00333@example.jp,千葉県,柏市,個人,店頭,ブロンズ,有,300～500万円,C00333,O000110O000302O000417,2024-10-312025-09-092025-10-08,配達完了配達完了配達完了,ウェブウェブモバイルアプリ,スマホ決済スマホ決済スマホ決済,千葉県千葉県千葉県,,2241.3,0.0,0.0,2241.3,2241.3
333,C00334,2022-04-02,渡辺 蓮,customer00334@example.jp,東京都,千代田区,個人,広告検索,ゴールド,有,300～500万円,,,,,,,,,,,,,
334,C00335,2024-09-12,田中 蓮,customer00335@example.jp,千葉県,千葉市,個人,自然検索,シルバー,有,"800～1,200万円",C00335,O000645O000649O000672,2024-06-172024-08-142025-04-20,配達完了配達完了配達完了,モバイルアプリモバイルアプリモバイルアプリ,クレジットカードクレジットカードクレジットカード,千葉県千葉県千葉県,WELCOME10,2438.78,118.86,0.0,2319.92,2319.92
335,C00336,2022-12-28,山本 陽葵,customer00336@example.jp,大阪府,堺市,中小企業,SNS,ブロンズ,有,300万円未満,C00336,O000640,2025-01-21,発送済み,モバイルアプリ,スマホ決済,大阪府,,1077.5,0.0,0.0,1077.5,1077.5
336,C00337,2025-10-09,中村 大和,customer00337@example.jp,東京都,千代田区,個人,提携先,ブロンズ,有,300～500万円,C00337,O000636O000697,2025-12-012024-07-15,配達完了配達完了,ウェブウェブ,スマホ決済コンビニ払い,東京都東京都,SPRING15,2516.95,183.06,0.0,2333.89,2333.89
337,C00338,2023-08-15,山本 陽葵,customer00338@example.jp,大阪府,堺市,個人,紹介,ゴールド,有,"800～1,200万円",C00338,O000098O000401O000670,2025-07-132024-02-232025-10-19,配達完了配達完了配達完了,モールモバイルアプリウェブ,クレジットカードクレジットカードクレジットカード,大阪府大阪府大阪府,B2B5FREESHIP,3076.69,16.64,0.0,3060.05,3060.05
338,C00339,2023-08-13,山本 陽葵,customer00339@example.jp,愛知県,岡崎市,個人,広告検索,ブロンズ,有,"1,200万円以上",,,,,,,,,,,,,
339,C00340,2025-11-19,田中 陽葵,customer00340@example.jp,大阪府,豊中市,大企業,自然検索,シルバー,有,500～800万円,C00340,O000246O000618,2024-04-252025-01-12,処理中配達完了,ウェブモバイルアプリ,クレジットカード銀行振込,大阪府大阪府,WELCOME10,1650.3799999999999,29.43,0.0,1620.9499999999998,1620.9499999999998
340,C00341,2022-02-21,中村 陽葵,customer00341@example.jp,愛知県,豊田市,個人,店頭,シルバー,有,300～500万円,C00341,O000104,2025-01-29,配達完了,モバイルアプリ,コンビニ払い,愛知県,,893.46,0.0,0.0,893.46,893.46
341,C00342,2025-10-01,田中 蓮,customer00342@example.jp,愛知県,豊田市,中小企業,自然検索,シルバー,有,300～500万円,C00342,O000173O000412,2024-06-112024-02-20,処理中配達完了,ウェブモバイルアプリ,スマホ決済コンビニ払い,愛知県愛知県,,1098.97,0.0,0.0,1098.97,1098.97
342,C00343,2024-09-26,佐藤 葵,customer00343@example.jp,福岡県,久留米市,大企業,提携先,シルバー,有,300万円未満,C00343,O000236O000671,2024-07-282025-02-26,配達完了配達完了,モバイルアプリモバイルアプリ,クレジットカードコンビニ払い,福岡県福岡県,,1013.02,0.0,5.9,1018.9200000000001,1007.12
343,C00344,2025-04-16,渡辺 結菜,customer00344@example.jp,千葉県,千葉市,個人,紹介,ブロンズ,有,300万円未満,C00344,O000130O000342,2025-05-082025-06-13,配達完了配達完了,モバイルアプリウェブ,クレジットカードクレジットカード,千葉県千葉県,,2141.93,0.0,0.0,2141.93,2141.93
344,C00345,2023-05-10,伊藤 凛,customer00345@example.jp,愛知県,豊田市,個人,広告検索,ブロンズ,有,300万円未満,C00345,O000075O000444O000612,2024-10-262025-12-052024-02-18,配達完了配達完了配達完了,ウェブウェブウェブ,コンビニ払いクレジットカードクレジットカード,愛知県愛知県愛知県,FREESHIPFREESHIP,3459.27,0.0,0.0,3459.27,3459.27
345,C00346,2022-10-08,伊藤 大和,customer00346@example.jp,神奈川県,川崎市,大企業,SNS,ブロンズ,有,500～800万円,C00346,O000383O000442,2024-03-082024-05-13,配達完了処理中,モバイルアプリモバイルアプリ,スマホ決済スマホ決済,神奈川県神奈川県,WELCOME10VIP20,934.65,138.2,0.0,796.45,796.4499999999999
346,C00347,2023-03-15,佐藤 蓮,customer00347@example.jp,大阪府,吹田市,中小企業,広告検索,ブロンズ,有,500～800万円,C00347,O000495O000699,2024-11-192024-06-28,キャンセル配達完了,モバイルアプリウェブ,クレジットカード銀行振込,大阪府大阪府,,1876.68,0.0,0.0,1876.68,1876.68
347,C00348,2024-02-22,鈴木 陽葵,customer00348@example.jp,北海道,函館市,個人,紹介,ブロンズ,有,"800～1,200万円",C00348,O000123O000352O000510O000662O000689,2024-11-042025-10-252024-03-292025-08-072025-06-05,配達完了発送済み配達完了配達完了配達完了,ウェブ営業担当ウェブウェブウェブ,クレジットカードクレジットカード請求書払いクレジットカードコンビニ払い,北海道北海道北海道北海道北海道,WELCOME10B2B5,2596.8599999999997,33.54,5.9,2569.2200000000003,2557.42
348,C00349,2025-10-25,高橋 凛,customer00349@example.jp,北海道,旭川市,個人,広告検索,ブロンズ,無,"800～1,200万円",,,,,,,,,,,,,
349,C00350,2022-03-21,佐藤 さくら,customer00350@example.jp,福岡県,北九州市,大企業,提携先,ブロンズ,有,"800～1,200万円",C00350,O000088O000091,2025-09-072024-08-06,配達完了配達完了,ウェブウェブ,コンビニ払い銀行振込,福岡県福岡県,WELCOME10,1953.93,102.03,0.0,1851.9,1851.9
